DHCP Request,Sent by the DHCP client to ask the server to lease the IPv4 address listed in the Offer message.,"CCENT/CCNA ICND1 100-105 Official Certification Guide, First Edition",Wendell Odom,Chapter 20. DHCP and IP Networking on Hosts,https://www.safaribooksonline.com/library/view/ccentccna-icnd1-100-105/9780134440903/,https://www.safaribooksonline.com/library/view/ccentccna-icnd1-100-105/9780134440903/ch20.html,https://www.safaribooksonline.com/a/ccentccna-icnd1-100-105/23035812/,2019-02-12,9780134440903.jpg,dhcp-request.png,DHCP
DHCP Acknowledgement,"Sent by the DHCP server to assign the address, and to list the mask, default router, and DNS server IP addresses","CCENT/CCNA ICND1 100-105 Official Certification Guide, First Edition",Wendell Odom,Chapter 20. DHCP and IP Networking on Hosts,https://www.safaribooksonline.com/library/view/ccentccna-icnd1-100-105/9780134440903/,https://www.safaribooksonline.com/library/view/ccentccna-icnd1-100-105/9780134440903/ch20.html,https://www.safaribooksonline.com/a/ccentccna-icnd1-100-105/23036031/,2019-02-12,9780134440903.jpg,dhcp-ack.png,DHCP
DHCP Offer,Sent by a DHCP server to offer to lease to that client a specific IP address (and inform the client of its other parameters),"CCENT/CCNA ICND1 100-105 Official Certification Guide, First Edition",Wendell Odom,Chapter 20. DHCP and IP Networking on Hosts,https://www.safaribooksonline.com/library/view/ccentccna-icnd1-100-105/9780134440903/,https://www.safaribooksonline.com/library/view/ccentccna-icnd1-100-105/9780134440903/ch20.html,https://www.safaribooksonline.com/a/ccentccna-icnd1-100-105/23035796/,2019-02-12,9780134440903.jpg,20fig01.jpg,DHCP
DHCP Discover,Sent by the DHCP client to find a willing DHCP server,"CCENT/CCNA ICND1 100-105 Official Certification Guide, First Edition",Wendell Odom,Chapter 20. DHCP and IP Networking on Hosts,https://www.safaribooksonline.com/library/view/ccentccna-icnd1-100-105/9780134440903/,https://www.safaribooksonline.com/library/view/ccentccna-icnd1-100-105/9780134440903/ch20.html,https://www.safaribooksonline.com/a/ccentccna-icnd1-100-105/23035785/,2019-02-12,9780134440903.jpg,20fig01.jpg,DHCP
DHCP,Dynamic Host Configuration Protocol,"CCENT/CCNA ICND1 100-105 Official Certification Guide, First Edition",Wendell Odom,Chapter 20. DHCP and IP Networking on Hosts,https://www.safaribooksonline.com/library/view/ccentccna-icnd1-100-105/9780134440903/,https://www.safaribooksonline.com/library/view/ccentccna-icnd1-100-105/9780134440903/ch20.html,https://www.safaribooksonline.com/a/ccentccna-icnd1-100-105/23035329/,2019-02-12,9780134440903.jpg,,DHCP
What's a discontiguous IP network?,A network topology in which subnets of network X are separated by subnets of some other classful network,"CCENT/CCNA ICND1 100-105 Official Certification Guide, First Edition",Wendell Odom,Chapter 19. Learning IPv4 Routes with RIPv2,https://www.safaribooksonline.com/library/view/ccentccna-icnd1-100-105/9780134440903/,https://www.safaribooksonline.com/library/view/ccentccna-icnd1-100-105/9780134440903/ch19.html,https://www.safaribooksonline.com/a/ccentccna-icnd1-100-105/22891846/,2019-02-09,9780134440903.jpg,,IP
What's a contiguous IP network?,A network topology in which subnets of network X are not separated by subnets of any other classful network,"CCENT/CCNA ICND1 100-105 Official Certification Guide, First Edition",Wendell Odom,Chapter 19. Learning IPv4 Routes with RIPv2,https://www.safaribooksonline.com/library/view/ccentccna-icnd1-100-105/9780134440903/,https://www.safaribooksonline.com/library/view/ccentccna-icnd1-100-105/9780134440903/ch19.html,https://www.safaribooksonline.com/a/ccentccna-icnd1-100-105/22891826/,2019-02-09,9780134440903.jpg,,IP
Which transport layer protocol and port number does RIP use?,UDP port 520,"CCENT/CCNA ICND1 100-105 Official Certification Guide, First Edition",Wendell Odom,Chapter 19. Learning IPv4 Routes with RIPv2,https://www.safaribooksonline.com/library/view/ccentccna-icnd1-100-105/9780134440903/,https://www.safaribooksonline.com/library/view/ccentccna-icnd1-100-105/9780134440903/ch19.html,https://www.safaribooksonline.com/a/ccentccna-icnd1-100-105/22891788/,2019-02-09,9780134440903.jpg,,RIP
What's the administrative distance of a default route learned via DHCP?,254,"CCENT/CCNA ICND1 100-105 Official Certification Guide, First Edition",Wendell Odom,Chapter 19. Learning IPv4 Routes with RIPv2,https://www.safaribooksonline.com/library/view/ccentccna-icnd1-100-105/9780134440903/,https://www.safaribooksonline.com/library/view/ccentccna-icnd1-100-105/9780134440903/ch19.html,https://www.safaribooksonline.com/a/ccentccna-icnd1-100-105/22891741/,2019-02-09,9780134440903.jpg,19ex14.jpg,Routing DHCP
How do you configure the RIP process to advertise a default route?,(config-router)# <b>default-information originate</b>,"CCENT/CCNA ICND1 100-105 Official Certification Guide, First Edition",Wendell Odom,Chapter 19. Learning IPv4 Routes with RIPv2,https://www.safaribooksonline.com/library/view/ccentccna-icnd1-100-105/9780134440903/,https://www.safaribooksonline.com/library/view/ccentccna-icnd1-100-105/9780134440903/ch19.html,https://www.safaribooksonline.com/a/ccentccna-icnd1-100-105/22891689/,2019-02-09,9780134440903.jpg,19ex11.jpg,RIP
How do you disable autosummarization in RIP?,With the <b>no auto-summary</b> RIPv2 subcommand,"CCENT/CCNA ICND1 100-105 Official Certification Guide, First Edition",Wendell Odom,Chapter 19. Learning IPv4 Routes with RIPv2,https://www.safaribooksonline.com/library/view/ccentccna-icnd1-100-105/9780134440903/,https://www.safaribooksonline.com/library/view/ccentccna-icnd1-100-105/9780134440903/ch19.html,https://www.safaribooksonline.com/a/ccentccna-icnd1-100-105/22891600/,2019-02-09,9780134440903.jpg,,RIP
How does autosummarization work?,"Autosummarization is a routing protocol feature in which a router that sits at the boundary between different classful networks will automatically advertise a route for one entire classful network into the other classful network, and vice versa.","CCENT/CCNA ICND1 100-105 Official Certification Guide, First Edition",Wendell Odom,Chapter 19. Learning IPv4 Routes with RIPv2,https://www.safaribooksonline.com/library/view/ccentccna-icnd1-100-105/9780134440903/,https://www.safaribooksonline.com/library/view/ccentccna-icnd1-100-105/9780134440903/ch19.html,https://www.safaribooksonline.com/a/ccentccna-icnd1-100-105/22891555/,2019-02-09,9780134440903.jpg,19fig12.jpg,Routing
What happens if you configure the RIP process with the command <b>maximum-paths 1</b>?,"Setting the value to 1 disables ECMP, so that RIP places only the first-learned equal-metric route into the routing table.","CCENT/CCNA ICND1 100-105 Official Certification Guide, First Edition",Wendell Odom,Chapter 19. Learning IPv4 Routes with RIPv2,https://www.safaribooksonline.com/library/view/ccentccna-icnd1-100-105/9780134440903/,https://www.safaribooksonline.com/library/view/ccentccna-icnd1-100-105/9780134440903/ch19.html,https://www.safaribooksonline.com/a/ccentccna-icnd1-100-105/22883127/,2019-02-09,9780134440903.jpg,,RIP
How do you modify the maximum paths value for RIP?,(config-router)# <b>maximum-paths</b> <i>number-of-paths</i>,"CCENT/CCNA ICND1 100-105 Official Certification Guide, First Edition",Wendell Odom,Chapter 19. Learning IPv4 Routes with RIPv2,https://www.safaribooksonline.com/library/view/ccentccna-icnd1-100-105/9780134440903/,https://www.safaribooksonline.com/library/view/ccentccna-icnd1-100-105/9780134440903/ch19.html,https://www.safaribooksonline.com/a/ccentccna-icnd1-100-105/22883091/,2019-02-09,9780134440903.jpg,19fig11.jpg,RIP
How can you configure all RIP enabled interfaces to be passive?,(config-router)# <b>passive-interface default</b>,"CCENT/CCNA ICND1 100-105 Official Certification Guide, First Edition",Wendell Odom,Chapter 19. Learning IPv4 Routes with RIPv2,https://www.safaribooksonline.com/library/view/ccentccna-icnd1-100-105/9780134440903/,https://www.safaribooksonline.com/library/view/ccentccna-icnd1-100-105/9780134440903/ch19.html,https://www.safaribooksonline.com/a/ccentccna-icnd1-100-105/22883028/,2019-02-09,9780134440903.jpg,,RIP
What happens when you use the <b>passive-interface</b> <i>interface</i> command when configuring RIP?,The RIP process will no longer sends RIP updates out that interface. RIP will still process any received updates and will still advertise about the connected subnet.,"CCENT/CCNA ICND1 100-105 Official Certification Guide, First Edition",Wendell Odom,Chapter 19. Learning IPv4 Routes with RIPv2,https://www.safaribooksonline.com/library/view/ccentccna-icnd1-100-105/9780134440903/,https://www.safaribooksonline.com/library/view/ccentccna-icnd1-100-105/9780134440903/ch19.html,https://www.safaribooksonline.com/a/ccentccna-icnd1-100-105/22883011/,2019-02-09,9780134440903.jpg,,RIP
How can you configure RIP to not send updates out an interface that has been matched by a <b>network</b> statement?,(config-router)# <b>passive-interface</b> <i>interface</i>,"CCENT/CCNA ICND1 100-105 Official Certification Guide, First Edition",Wendell Odom,Chapter 19. Learning IPv4 Routes with RIPv2,https://www.safaribooksonline.com/library/view/ccentccna-icnd1-100-105/9780134440903/,https://www.safaribooksonline.com/library/view/ccentccna-icnd1-100-105/9780134440903/ch19.html,https://www.safaribooksonline.com/a/ccentccna-icnd1-100-105/22882981/,2019-02-09,9780134440903.jpg,,RIP
How do you verify the RIP database?,R1# <b>show ip rip database</b>,"CCENT/CCNA ICND1 100-105 Official Certification Guide, First Edition",Wendell Odom,Chapter 19. Learning IPv4 Routes with RIPv2,https://www.safaribooksonline.com/library/view/ccentccna-icnd1-100-105/9780134440903/,https://www.safaribooksonline.com/library/view/ccentccna-icnd1-100-105/9780134440903/ch19.html,https://www.safaribooksonline.com/a/ccentccna-icnd1-100-105/22824003/,2019-02-08,9780134440903.jpg,19ex06.jpg,RIP
What's the default maximum-path value configured for RIP?,4,"CCENT/CCNA ICND1 100-105 Official Certification Guide, First Edition",Wendell Odom,Chapter 19. Learning IPv4 Routes with RIPv2,https://www.safaribooksonline.com/library/view/ccentccna-icnd1-100-105/9780134440903/,https://www.safaribooksonline.com/library/view/ccentccna-icnd1-100-105/9780134440903/ch19.html,https://www.safaribooksonline.com/a/ccentccna-icnd1-100-105/22823991/,2019-02-08,9780134440903.jpg,19ex05.jpg,RIP
Which code in the routing table identifies RIP learned routes?,R,"CCENT/CCNA ICND1 100-105 Official Certification Guide, First Edition",Wendell Odom,Chapter 19. Learning IPv4 Routes with RIPv2,https://www.safaribooksonline.com/library/view/ccentccna-icnd1-100-105/9780134440903/,https://www.safaribooksonline.com/library/view/ccentccna-icnd1-100-105/9780134440903/ch19.html,https://www.safaribooksonline.com/a/ccentccna-icnd1-100-105/22823969/,2019-02-08,9780134440903.jpg,19ex04.jpg,RIP
How do you verify all RIP learned routes in the routing table?,R1# <b>show ip route rip</b>,"CCENT/CCNA ICND1 100-105 Official Certification Guide, First Edition",Wendell Odom,Chapter 19. Learning IPv4 Routes with RIPv2,https://www.safaribooksonline.com/library/view/ccentccna-icnd1-100-105/9780134440903/,https://www.safaribooksonline.com/library/view/ccentccna-icnd1-100-105/9780134440903/ch19.html,https://www.safaribooksonline.com/a/ccentccna-icnd1-100-105/22823957/,2019-02-08,9780134440903.jpg,19ex04.jpg,RIP
What's the default administrative distance of RIP?,120,"CCENT/CCNA ICND1 100-105 Official Certification Guide, First Edition",Wendell Odom,Chapter 19. Learning IPv4 Routes with RIPv2,https://www.safaribooksonline.com/library/view/ccentccna-icnd1-100-105/9780134440903/,https://www.safaribooksonline.com/library/view/ccentccna-icnd1-100-105/9780134440903/ch19.html,https://www.safaribooksonline.com/a/ccentccna-icnd1-100-105/22823962/,2019-02-08,9780134440903.jpg,19ex04.jpg,RIP
How do you disable RIPv1 and enable RIPv2?,(config-router)# <b>version 2</b>,"CCENT/CCNA ICND1 100-105 Official Certification Guide, First Edition",Wendell Odom,Chapter 19. Learning IPv4 Routes with RIPv2,https://www.safaribooksonline.com/library/view/ccentccna-icnd1-100-105/9780134440903/,https://www.safaribooksonline.com/library/view/ccentccna-icnd1-100-105/9780134440903/ch19.html,https://www.safaribooksonline.com/a/ccentccna-icnd1-100-105/22823934/,2019-02-08,9780134440903.jpg,,RIP
What happens when you enable RIP on an interface?,The router sends routing updates out the interface.<br>The router listens for and processes incoming updates on that same interface.<br>The router advertises about the subnet connected to the interface.,"CCENT/CCNA ICND1 100-105 Official Certification Guide, First Edition",Wendell Odom,Chapter 19. Learning IPv4 Routes with RIPv2,https://www.safaribooksonline.com/library/view/ccentccna-icnd1-100-105/9780134440903/,https://www.safaribooksonline.com/library/view/ccentccna-icnd1-100-105/9780134440903/ch19.html,https://www.safaribooksonline.com/a/ccentccna-icnd1-100-105/22823902/,2019-02-08,9780134440903.jpg,,RIP
How does the RIP <b>network</b> command work?,The network command takes one parameter: a classful IP network that identifies which interfaces RIP will be enabled on.,"CCENT/CCNA ICND1 100-105 Official Certification Guide, First Edition",Wendell Odom,Chapter 19. Learning IPv4 Routes with RIPv2,https://www.safaribooksonline.com/library/view/ccentccna-icnd1-100-105/9780134440903/,https://www.safaribooksonline.com/library/view/ccentccna-icnd1-100-105/9780134440903/ch19.html,https://www.safaribooksonline.com/a/ccentccna-icnd1-100-105/22823817/,2019-02-08,9780134440903.jpg,19fig08.jpg,RIP
What's the destination address of RIPv2 updates?,224.0.0.9,"CCENT/CCNA ICND1 100-105 Official Certification Guide, First Edition",Wendell Odom,Chapter 19. Learning IPv4 Routes with RIPv2,https://www.safaribooksonline.com/library/view/ccentccna-icnd1-100-105/9780134440903/,https://www.safaribooksonline.com/library/view/ccentccna-icnd1-100-105/9780134440903/ch19.html,https://www.safaribooksonline.com/a/ccentccna-icnd1-100-105/22823705/,2019-02-08,9780134440903.jpg,,RIPv2
What's the longest valid route that can be used in a RIP network?,15 hops,"CCENT/CCNA ICND1 100-105 Official Certification Guide, First Edition",Wendell Odom,Chapter 19. Learning IPv4 Routes with RIPv2,https://www.safaribooksonline.com/library/view/ccentccna-icnd1-100-105/9780134440903/,https://www.safaribooksonline.com/library/view/ccentccna-icnd1-100-105/9780134440903/ch19.html,https://www.safaribooksonline.com/a/ccentccna-icnd1-100-105/22823698/,2019-02-08,9780134440903.jpg,,RIP
What's the infinite metric for RIP?,16,"CCENT/CCNA ICND1 100-105 Official Certification Guide, First Edition",Wendell Odom,Chapter 19. Learning IPv4 Routes with RIPv2,https://www.safaribooksonline.com/library/view/ccentccna-icnd1-100-105/9780134440903/,https://www.safaribooksonline.com/library/view/ccentccna-icnd1-100-105/9780134440903/ch19.html,https://www.safaribooksonline.com/a/ccentccna-icnd1-100-105/22823686/,2019-02-08,9780134440903.jpg,,RIP
What is route poisoning?,The practice of advertising a failed route with an <i>infinite</i> metric.,"CCENT/CCNA ICND1 100-105 Official Certification Guide, First Edition",Wendell Odom,Chapter 19. Learning IPv4 Routes with RIPv2,https://www.safaribooksonline.com/library/view/ccentccna-icnd1-100-105/9780134440903/,https://www.safaribooksonline.com/library/view/ccentccna-icnd1-100-105/9780134440903/ch19.html,https://www.safaribooksonline.com/a/ccentccna-icnd1-100-105/22823667/,2019-02-08,9780134440903.jpg,19fig06.jpg,Routing
What's split horizon?,Never advertise a route out the same interface it was learned on.,"CCENT/CCNA ICND1 100-105 Official Certification Guide, First Edition",Wendell Odom,Chapter 19. Learning IPv4 Routes with RIPv2,https://www.safaribooksonline.com/library/view/ccentccna-icnd1-100-105/9780134440903/,https://www.safaribooksonline.com/library/view/ccentccna-icnd1-100-105/9780134440903/ch19.html,https://www.safaribooksonline.com/a/ccentccna-icnd1-100-105/22823607/,2019-02-08,9780134440903.jpg,19fig05.jpg,Routing
Describe the concept of distance vector routing protocols,"The routers learn three important facts related to each route: the destination subnet, the distance (that is, the routing protocol metric), and the vector (that is, the link and next-hop router to use as part of that route).","CCENT/CCNA ICND1 100-105 Official Certification Guide, First Edition",Wendell Odom,Chapter 19. Learning IPv4 Routes with RIPv2,https://www.safaribooksonline.com/library/view/ccentccna-icnd1-100-105/9780134440903/,https://www.safaribooksonline.com/library/view/ccentccna-icnd1-100-105/9780134440903/ch19.html,https://www.safaribooksonline.com/a/ccentccna-icnd1-100-105/22823545/,2019-02-08,9780134440903.jpg,19fig03.jpg,Routing
Which category of routing algorithms does RIP belong to?,Distance vector,"CCENT/CCNA ICND1 100-105 Official Certification Guide, First Edition",Wendell Odom,Chapter 19. Learning IPv4 Routes with RIPv2,https://www.safaribooksonline.com/library/view/ccentccna-icnd1-100-105/9780134440903/,https://www.safaribooksonline.com/library/view/ccentccna-icnd1-100-105/9780134440903/ch19.html,https://www.safaribooksonline.com/a/ccentccna-icnd1-100-105/22823522/,2019-02-08,9780134440903.jpg,,RIP
RIP uses what metric?,Hop count,"CCENT/CCNA ICND1 100-105 Official Certification Guide, First Edition",Wendell Odom,Chapter 19. Learning IPv4 Routes with RIPv2,https://www.safaribooksonline.com/library/view/ccentccna-icnd1-100-105/9780134440903/,https://www.safaribooksonline.com/library/view/ccentccna-icnd1-100-105/9780134440903/ch19.html,https://www.safaribooksonline.com/a/ccentccna-icnd1-100-105/22823511/,2019-02-08,9780134440903.jpg,,RIP
What's convergence time?,How long it takes for all routers to learn about a change in the network and update their IPv4 routing tables,"CCENT/CCNA ICND1 100-105 Official Certification Guide, First Edition",Wendell Odom,Chapter 19. Learning IPv4 Routes with RIPv2,https://www.safaribooksonline.com/library/view/ccentccna-icnd1-100-105/9780134440903/,https://www.safaribooksonline.com/library/view/ccentccna-icnd1-100-105/9780134440903/ch19.html,https://www.safaribooksonline.com/a/ccentccna-icnd1-100-105/22823497/,2019-02-08,9780134440903.jpg,,Routing
What are the two main categories of routing protocol algorithms?,Distance vector (DV) and Link State (LS),"CCENT/CCNA ICND1 100-105 Official Certification Guide, First Edition",Wendell Odom,Chapter 19. Learning IPv4 Routes with RIPv2,https://www.safaribooksonline.com/library/view/ccentccna-icnd1-100-105/9780134440903/,https://www.safaribooksonline.com/library/view/ccentccna-icnd1-100-105/9780134440903/ch19.html,https://www.safaribooksonline.com/a/ccentccna-icnd1-100-105/22823485/,2019-02-08,9780134440903.jpg,,Routing
What's the IPv6 version of RIP called?,RIP next generation (RIPng),"CCENT/CCNA ICND1 100-105 Official Certification Guide, First Edition",Wendell Odom,Chapter 19. Learning IPv4 Routes with RIPv2,https://www.safaribooksonline.com/library/view/ccentccna-icnd1-100-105/9780134440903/,https://www.safaribooksonline.com/library/view/ccentccna-icnd1-100-105/9780134440903/ch19.html,https://www.safaribooksonline.com/a/ccentccna-icnd1-100-105/22823416/,2019-02-08,9780134440903.jpg,,RIPng
What does RIP stand for in the context of routing?,Routing Information Protocol (RIP),"CCENT/CCNA ICND1 100-105 Official Certification Guide, First Edition",Wendell Odom,Chapter 19. Learning IPv4 Routes with RIPv2,https://www.safaribooksonline.com/library/view/ccentccna-icnd1-100-105/9780134440903/,https://www.safaribooksonline.com/library/view/ccentccna-icnd1-100-105/9780134440903/ch19.html,https://www.safaribooksonline.com/a/ccentccna-icnd1-100-105/22823402/,2019-02-08,9780134440903.jpg,,RIP
What is Carrier Grade NAT (CGN)?,"With CGN, instead of giving user networks their own public IPv4 addresses, a user’s private IPv4 address is translated using NAT to another private IPv4 address to connect to its provider’s network. The ISP typically uses an RFC 6598 address","IPv6 Fundamentals: A Straightforward Approach to Understanding IPv6, 2nd Edition",Rick Graziani,Chapter 1. Introduction to IPv6,https://www.safaribooksonline.com/library/view/ipv6-fundamentals-a/9780134670584/,https://www.safaribooksonline.com/library/view/ipv6-fundamentals-a/9780134670584/ch01.html,https://www.safaribooksonline.com/a/ipv6-fundamentals-a/22793484/,2019-02-07,9780134670584.jpg,01fig04.jpg,IPv4 NAT
"RFC 6598, IANA-Reserved IPv4 Prefix for Shared Address Space",100.64.0.0/10,"IPv6 Fundamentals: A Straightforward Approach to Understanding IPv6, 2nd Edition",Rick Graziani,Chapter 1. Introduction to IPv6,https://www.safaribooksonline.com/library/view/ipv6-fundamentals-a/9780134670584/,https://www.safaribooksonline.com/library/view/ipv6-fundamentals-a/9780134670584/ch01.html,https://www.safaribooksonline.com/a/ipv6-fundamentals-a/22793337/,2019-02-07,9780134670584.jpg,01fig04.jpg,IPv4
What is it called when a device is running both the IPv4 and IPv6 protocols at the same time?,This is known as <b>dual stack</b>,"IPv6 Fundamentals: A Straightforward Approach to Understanding IPv6, 2nd Edition",Rick Graziani,Chapter 1. Introduction to IPv6,https://www.safaribooksonline.com/library/view/ipv6-fundamentals-a/9780134670584/,https://www.safaribooksonline.com/library/view/ipv6-fundamentals-a/9780134670584/ch01.html,https://www.safaribooksonline.com/a/ipv6-fundamentals-a/22757683/,2019-02-06,9780134670584.jpg,,IPv6
What's the size of the IPv6 address space?,<b>2<sup>128</sup></b>,"IPv6 Fundamentals: A Straightforward Approach to Understanding IPv6, 2nd Edition",Rick Graziani,Chapter 1. Introduction to IPv6,https://www.safaribooksonline.com/library/view/ipv6-fundamentals-a/9780134670584/,https://www.safaribooksonline.com/library/view/ipv6-fundamentals-a/9780134670584/ch01.html,https://www.safaribooksonline.com/a/ipv6-fundamentals-a/22757565/,2019-02-06,9780134670584.jpg,,IPv6
What's a floating static route?,A floating static route floats or moves into and out of the IP routing table depending on whether the better (lower) administrative distance route learned by the routing protocol happens to exist currently.,"CCENT/CCNA ICND1 100-105 Official Certification Guide, First Edition",Wendell Odom,Chapter 18. Configuring IPv4 Addresses and Static Routes,https://www.safaribooksonline.com/library/view/ccentccna-icnd1-100-105/9780134440903/,https://www.safaribooksonline.com/library/view/ccentccna-icnd1-100-105/9780134440903/ch18.html,https://www.safaribooksonline.com/a/ccentccna-icnd1-100-105/22757025/,2019-02-06,9780134440903.jpg,,Routing
What's the administrative distance of a static route by default?,1,"CCENT/CCNA ICND1 100-105 Official Certification Guide, First Edition",Wendell Odom,Chapter 18. Configuring IPv4 Addresses and Static Routes,https://www.safaribooksonline.com/library/view/ccentccna-icnd1-100-105/9780134440903/,https://www.safaribooksonline.com/library/view/ccentccna-icnd1-100-105/9780134440903/ch18.html,https://www.safaribooksonline.com/a/ccentccna-icnd1-100-105/22756993/,2019-02-06,9780134440903.jpg,,Routing
How can you keep a static route in the routing table even if the next hop IP or outgoing interface is unreachable?,By adding the <b>permanent</b> keyword,"CCENT/CCNA ICND1 100-105 Official Certification Guide, First Edition",Wendell Odom,Chapter 18. Configuring IPv4 Addresses and Static Routes,https://www.safaribooksonline.com/library/view/ccentccna-icnd1-100-105/9780134440903/,https://www.safaribooksonline.com/library/view/ccentccna-icnd1-100-105/9780134440903/ch18.html,https://www.safaribooksonline.com/a/ccentccna-icnd1-100-105/22756975/,2019-02-06,9780134440903.jpg,18ex10.jpg,Routing
Which command is used to enable 802.1Q tagging on a subinterface?,(config-if)# <b>encapsulation dot1q</b> <i>vlan_id</i>,"CCENT/CCNA ICND1 100-105 Official Certification Guide, First Edition",Wendell Odom,Chapter 18. Configuring IPv4 Addresses and Static Routes,https://www.safaribooksonline.com/library/view/ccentccna-icnd1-100-105/9780134440903/,https://www.safaribooksonline.com/library/view/ccentccna-icnd1-100-105/9780134440903/ch18.html,https://www.safaribooksonline.com/a/ccentccna-icnd1-100-105/22756875/,2019-02-06,9780134440903.jpg,18ex03.jpg,IOS VLAN
Verify the ARP table,show ip arp,"CCENT/CCNA ICND1 100-105 Official Certification Guide, First Edition",Wendell Odom,Chapter 18. Configuring IPv4 Addresses and Static Routes,https://www.safaribooksonline.com/library/view/ccentccna-icnd1-100-105/9780134440903/,https://www.safaribooksonline.com/library/view/ccentccna-icnd1-100-105/9780134440903/ch18.html,https://www.safaribooksonline.com/a/ccentccna-icnd1-100-105/22756840/,2019-02-06,9780134440903.jpg,18ex02.jpg,ARP
Which command is used to create static routes?,The <b>ip route</b> global configuration command,"CCENT/CCNA ICND1 100-105 Official Certification Guide, First Edition",Wendell Odom,Chapter 18. Configuring IPv4 Addresses and Static Routes,https://www.safaribooksonline.com/library/view/ccentccna-icnd1-100-105/9780134440903/,https://www.safaribooksonline.com/library/view/ccentccna-icnd1-100-105/9780134440903/ch18.html,https://www.safaribooksonline.com/a/ccentccna-icnd1-100-105/22756798/,2019-02-06,9780134440903.jpg,424pro01.jpg,IOS Routing
What is the job of the <b>bandwith</b> command?,The <b>bandwidth</b> command is only there to communicate the speed of the interface to higher level protocols. It does not affect the actual speed of the interface.,"CCENT/CCNA ICND1 100-105 Official Certification Guide, First Edition",Wendell Odom,Chapter 17. Operating Cisco Routers,https://www.safaribooksonline.com/library/view/ccentccna-icnd1-100-105/9780134440903/,https://www.safaribooksonline.com/library/view/ccentccna-icnd1-100-105/9780134440903/ch17.html,https://www.safaribooksonline.com/a/ccentccna-icnd1-100-105/22679986/,2019-02-05,9780134440903.jpg,,IOS
What's the purpose of the Aux port on a Cisco router?,The Aux port typically serves as a means to make a phone call to connect into the router to issue commands from the CLI.,"CCENT/CCNA ICND1 100-105 Official Certification Guide, First Edition",Wendell Odom,Chapter 17. Operating Cisco Routers,https://www.safaribooksonline.com/library/view/ccentccna-icnd1-100-105/9780134440903/,https://www.safaribooksonline.com/library/view/ccentccna-icnd1-100-105/9780134440903/ch17.html,https://www.safaribooksonline.com/a/ccentccna-icnd1-100-105/22679824/,2019-02-05,9780134440903.jpg,17fig03.jpg,Cisco
What's the job of the <b>clock rate</b> command?,This command tells that router the speed at which to transmit bits on a serial link,"CCENT/CCNA ICND1 100-105 Official Certification Guide, First Edition",Wendell Odom,Chapter 17. Operating Cisco Routers,https://www.safaribooksonline.com/library/view/ccentccna-icnd1-100-105/9780134440903/,https://www.safaribooksonline.com/library/view/ccentccna-icnd1-100-105/9780134440903/ch17.html,https://www.safaribooksonline.com/a/ccentccna-icnd1-100-105/22679777/,2019-02-05,9780134440903.jpg,17fig07.jpg,WAN
Formula to calculate the number of hosts per IPv4 network,<b>2<sup>H</sup> – 2</b>,"CCENT/CCNA ICND1 100-105 Official Certification Guide, First Edition",Wendell Odom,Chapter 14. Analyzing Classful IPv4 Networks,https://www.safaribooksonline.com/library/view/ccentccna-icnd1-100-105/9780134440903/,https://www.safaribooksonline.com/library/view/ccentccna-icnd1-100-105/9780134440903/ch14.html,https://www.safaribooksonline.com/a/ccentccna-icnd1-100-105/22673533/,2019-02-05,9780134440903.jpg,,IPv4
What does the counter <b>runts</b> mean when running the command <b>show interfaces</b>?,"Frames that did not meet the minimum frame size requirement (64 bytes, including the 18-byte destination MAC, source MAC, type, and FCS).","CCENT/CCNA ICND1 100-105 Official Certification Guide, First Edition",Wendell Odom,Chapter 12. Troubleshooting Ethernet LANs,https://www.safaribooksonline.com/library/view/ccentccna-icnd1-100-105/9780134440903/,https://www.safaribooksonline.com/library/view/ccentccna-icnd1-100-105/9780134440903/ch12.html,https://www.safaribooksonline.com/a/ccentccna-icnd1-100-105/22626664/,2019-02-04,9780134440903.jpg,12ex03.jpg,Ethernet Switching
What does the counter <b>giants</b> mean when running the command <b>show interfaces</b>?,"Frames that exceed the maximum frame size requirement (1518 bytes, including the 18-byte destination MAC, source MAC, type, and FCS).","CCENT/CCNA ICND1 100-105 Official Certification Guide, First Edition",Wendell Odom,Chapter 12. Troubleshooting Ethernet LANs,https://www.safaribooksonline.com/library/view/ccentccna-icnd1-100-105/9780134440903/,https://www.safaribooksonline.com/library/view/ccentccna-icnd1-100-105/9780134440903/ch12.html,https://www.safaribooksonline.com/a/ccentccna-icnd1-100-105/22626676/,2019-02-04,9780134440903.jpg,12ex03.jpg,Ethernet Switching
What does the counter <b>late collisions</b> mean when running the command <b>show interfaces</b>?,"The subset of all collisions that happen after the 64th byte of the frame has been transmitted. (In a properly working Ethernet LAN, collisions should occur within the first 64 bytes; late collisions today often point to a duplex mismatch.)","CCENT/CCNA ICND1 100-105 Official Certification Guide, First Edition",Wendell Odom,Chapter 12. Troubleshooting Ethernet LANs,https://www.safaribooksonline.com/library/view/ccentccna-icnd1-100-105/9780134440903/,https://www.safaribooksonline.com/library/view/ccentccna-icnd1-100-105/9780134440903/ch12.html,https://www.safaribooksonline.com/a/ccentccna-icnd1-100-105/22626742/,2019-02-04,9780134440903.jpg,12ex03.jpg,Ethernet
What is the input errors counter of an interface?,"A total of many counters, including runts, giants, no buffer, CRC, frame, overrun, and ignored counts.","CCENT/CCNA ICND1 100-105 Official Certification Guide, First Edition",Wendell Odom,Chapter 12. Troubleshooting Ethernet LANs,https://www.safaribooksonline.com/library/view/ccentccna-icnd1-100-105/9780134440903/,https://www.safaribooksonline.com/library/view/ccentccna-icnd1-100-105/9780134440903/ch12.html,https://www.safaribooksonline.com/a/ccentccna-icnd1-100-105/22626703/,2019-02-04,9780134440903.jpg,12ex03.jpg,Ethernet
What's a <i>De jure</i> standard?,These standards have been approved by an officially recognized body whose job is to standardize protocols and other aspects of networking.,"The Illustrated Network, 2nd Edition",Walter Goralski,Chapter 1. Protocols and Layers,https://www.safaribooksonline.com/library/view/the-illustrated-network/9780128110287/,https://www.safaribooksonline.com/library/view/the-illustrated-network/9780128110287/xhtml/chp001.xhtml,https://www.safaribooksonline.com/a/the-illustrated-network/22483379/,2019-01-31,9780128110287.jpg,,TCP/IP
What serial port settings do you need to set when connecting to the console port of a Cisco device?,9600 bits/second<br>No hardware flow control<br>8-bit ASCII<br>No parity bits<br>1 stop bit,"CCENT/CCNA ICND1 100-105 Official Certification Guide, First Edition",Wendell Odom,Chapter 6. Using the Command-Line Interface,https://www.safaribooksonline.com/library/view/ccentccna-icnd1-100-105/9780134440903/,https://www.safaribooksonline.com/library/view/ccentccna-icnd1-100-105/9780134440903/ch06.html,https://www.safaribooksonline.com/a/ccentccna-icnd1-100-105/22445664/,2019-01-30,9780134440903.jpg,06fig05.jpg,Cisco
How do you configure an access-port with a voice vlan?,(config-if)# <b>switchport voice vlan</b> <i>id-number</i>,"CCENT/CCNA ICND1 100-105 Official Certification Guide, First Edition",Wendell Odom,Chapter 11. Implementing Ethernet Virtual LANs,https://www.safaribooksonline.com/library/view/ccentccna-icnd1-100-105/9780134440903/,https://www.safaribooksonline.com/library/view/ccentccna-icnd1-100-105/9780134440903/ch11.html,https://www.safaribooksonline.com/a/ccentccna-icnd1-100-105/22582469/,2019-02-03,9780134440903.jpg,11ex05.jpg,VLAN
Disable DTP,(config-if)# <b>switchport nonegotiate</b>,"CCENT/CCNA ICND1 100-105 Official Certification Guide, First Edition",Wendell Odom,Chapter 11. Implementing Ethernet Virtual LANs,https://www.safaribooksonline.com/library/view/ccentccna-icnd1-100-105/9780134440903/,https://www.safaribooksonline.com/library/view/ccentccna-icnd1-100-105/9780134440903/ch11.html,https://www.safaribooksonline.com/a/ccentccna-icnd1-100-105/22581565/,2019-02-03,9780134440903.jpg,,Switching
What is VTP?,VLAN Trunking Protocol (VTP). VTP is a Cisco proprietary protocol running on switches which is used to synchronize VLANs configured with other switches.,"CCENT/CCNA ICND1 100-105 Official Certification Guide, First Edition",Wendell Odom,Chapter 11. Implementing Ethernet Virtual LANs,https://www.safaribooksonline.com/library/view/ccentccna-icnd1-100-105/9780134440903/,https://www.safaribooksonline.com/library/view/ccentccna-icnd1-100-105/9780134440903/ch11.html,https://www.safaribooksonline.com/a/ccentccna-icnd1-100-105/22580776/,2019-02-03,9780134440903.jpg,,VLAN VTP
What's it called when a router connects multiple VLANs using a single trunk interface?,Router-on-a-stick,"CCENT/CCNA ICND1 100-105 Official Certification Guide, First Edition",Wendell Odom,Chapter 11. Implementing Ethernet Virtual LANs,https://www.safaribooksonline.com/library/view/ccentccna-icnd1-100-105/9780134440903/,https://www.safaribooksonline.com/library/view/ccentccna-icnd1-100-105/9780134440903/ch11.html,https://www.safaribooksonline.com/a/ccentccna-icnd1-100-105/22579979/,2019-02-03,9780134440903.jpg,11fig09.jpg,VLAN
What's the size of the 802.1Q header?,4-byte,"CCENT/CCNA ICND1 100-105 Official Certification Guide, First Edition",Wendell Odom,Chapter 11. Implementing Ethernet Virtual LANs,https://www.safaribooksonline.com/library/view/ccentccna-icnd1-100-105/9780134440903/,https://www.safaribooksonline.com/library/view/ccentccna-icnd1-100-105/9780134440903/ch11.html,https://www.safaribooksonline.com/a/ccentccna-icnd1-100-105/22579918/,2019-02-03,9780134440903.jpg,,VLAN
What's the size of the VLAN ID in the 802.1Q header?,12-bit,"CCENT/CCNA ICND1 100-105 Official Certification Guide, First Edition",Wendell Odom,Chapter 11. Implementing Ethernet Virtual LANs,https://www.safaribooksonline.com/library/view/ccentccna-icnd1-100-105/9780134440903/,https://www.safaribooksonline.com/library/view/ccentccna-icnd1-100-105/9780134440903/ch11.html,https://www.safaribooksonline.com/a/ccentccna-icnd1-100-105/22579908/,2019-02-03,9780134440903.jpg,11fig06.jpg,VLAN
Which trunking protocols are supported by Cisco Catalyst switches?,Inter-Switch Link (ISL) and IEEE 802.1Q,"CCENT/CCNA ICND1 100-105 Official Certification Guide, First Edition",Wendell Odom,Chapter 11. Implementing Ethernet Virtual LANs,https://www.safaribooksonline.com/library/view/ccentccna-icnd1-100-105/9780134440903/,https://www.safaribooksonline.com/library/view/ccentccna-icnd1-100-105/9780134440903/ch11.html,https://www.safaribooksonline.com/a/ccentccna-icnd1-100-105/22579868/,2019-02-03,9780134440903.jpg,,VLAN
What's the IEEE standard for WLANs?,IEEE 802.11,"CCENT/CCNA ICND1 100-105 Official Certification Guide, First Edition",Wendell Odom,Chapter 10. Analyzing Ethernet LAN Designs,https://www.safaribooksonline.com/library/view/ccentccna-icnd1-100-105/9780134440903/,https://www.safaribooksonline.com/library/view/ccentccna-icnd1-100-105/9780134440903/ch10.html,https://www.safaribooksonline.com/a/ccentccna-icnd1-100-105/22574743/,2019-02-03,9780134440903.jpg,,Wireless
What's the minimum category of cable needed for 1000BASE-T?,CAT5e,"CCENT/CCNA ICND1 100-105 Official Certification Guide, First Edition",Wendell Odom,Chapter 10. Analyzing Ethernet LAN Designs,https://www.safaribooksonline.com/library/view/ccentccna-icnd1-100-105/9780134440903/,https://www.safaribooksonline.com/library/view/ccentccna-icnd1-100-105/9780134440903/ch10.html,https://www.safaribooksonline.com/a/ccentccna-icnd1-100-105/22574741/,2019-02-03,9780134440903.jpg,,Cabling
What's the job of the access layer in the three-tier design?,Provides a connection point (access) for end-user devices. Does not forward frames between two other access switches under normal circumstances.,"CCENT/CCNA ICND1 100-105 Official Certification Guide, First Edition",Wendell Odom,Chapter 10. Analyzing Ethernet LAN Designs,https://www.safaribooksonline.com/library/view/ccentccna-icnd1-100-105/9780134440903/,https://www.safaribooksonline.com/library/view/ccentccna-icnd1-100-105/9780134440903/ch10.html,https://www.safaribooksonline.com/a/ccentccna-icnd1-100-105/22574736/,2019-02-03,9780134440903.jpg,10fig14.jpg,Design
What's the job of the distribution layer in the three-tier design?,"Provides an aggregation point for access switches, providing connectivity to the rest of the devices in the LAN, forwarding frames between switches, but not connecting directly to end-user devices.","CCENT/CCNA ICND1 100-105 Official Certification Guide, First Edition",Wendell Odom,Chapter 10. Analyzing Ethernet LAN Designs,https://www.safaribooksonline.com/library/view/ccentccna-icnd1-100-105/9780134440903/,https://www.safaribooksonline.com/library/view/ccentccna-icnd1-100-105/9780134440903/ch10.html,https://www.safaribooksonline.com/a/ccentccna-icnd1-100-105/22574734/,2019-02-03,9780134440903.jpg,10fig14.jpg,Design
What's the job of the core layer in the three-tier design?,"Aggregates distribution switches in very large campus LANs, providing very high forwarding rates for the larger volume of traffic due to the size of the network.","CCENT/CCNA ICND1 100-105 Official Certification Guide, First Edition",Wendell Odom,Chapter 10. Analyzing Ethernet LAN Designs,https://www.safaribooksonline.com/library/view/ccentccna-icnd1-100-105/9780134440903/,https://www.safaribooksonline.com/library/view/ccentccna-icnd1-100-105/9780134440903/ch10.html,https://www.safaribooksonline.com/a/ccentccna-icnd1-100-105/22574732/,2019-02-03,9780134440903.jpg,10fig14.jpg,Design
What's the formula to calculate the number of links for a full-mesh topology?,<b>N(N - 1) / 2</b>,"CCENT/CCNA ICND1 100-105 Official Certification Guide, First Edition",Wendell Odom,Chapter 10. Analyzing Ethernet LAN Designs,https://www.safaribooksonline.com/library/view/ccentccna-icnd1-100-105/9780134440903/,https://www.safaribooksonline.com/library/view/ccentccna-icnd1-100-105/9780134440903/ch10.html,https://www.safaribooksonline.com/a/ccentccna-icnd1-100-105/22574724/,2019-02-03,9780134440903.jpg,10fig12.jpg,Design
What's a star topology?,A design in which one central device connects to several others,"CCENT/CCNA ICND1 100-105 Official Certification Guide, First Edition",Wendell Odom,Chapter 10. Analyzing Ethernet LAN Designs,https://www.safaribooksonline.com/library/view/ccentccna-icnd1-100-105/9780134440903/,https://www.safaribooksonline.com/library/view/ccentccna-icnd1-100-105/9780134440903/ch10.html,https://www.safaribooksonline.com/a/ccentccna-icnd1-100-105/22574710/,2019-02-03,9780134440903.jpg,10fig11.jpg,Design
How do you separate interfaces of a switch into multiple broadcast domains?,With VLANs,"CCENT/CCNA ICND1 100-105 Official Certification Guide, First Edition",Wendell Odom,Chapter 10. Analyzing Ethernet LAN Designs,https://www.safaribooksonline.com/library/view/ccentccna-icnd1-100-105/9780134440903/,https://www.safaribooksonline.com/library/view/ccentccna-icnd1-100-105/9780134440903/ch10.html,https://www.safaribooksonline.com/a/ccentccna-icnd1-100-105/22574687/,2019-02-03,9780134440903.jpg,10fig09.jpg,VLAN Switching
What's a broadcast domain?,An Ethernet broadcast domain is the set of devices to which a broadcast is delivered.,"CCENT/CCNA ICND1 100-105 Official Certification Guide, First Edition",Wendell Odom,Chapter 10. Analyzing Ethernet LAN Designs,https://www.safaribooksonline.com/library/view/ccentccna-icnd1-100-105/9780134440903/,https://www.safaribooksonline.com/library/view/ccentccna-icnd1-100-105/9780134440903/ch10.html,https://www.safaribooksonline.com/a/ccentccna-icnd1-100-105/22574666/,2019-02-03,9780134440903.jpg,10fig07.jpg,Switching Ethernet
How many collision domains do you get with a switch?,LAN switches place each separate interface into a separate collision domain.,"CCENT/CCNA ICND1 100-105 Official Certification Guide, First Edition",Wendell Odom,Chapter 10. Analyzing Ethernet LAN Designs,https://www.safaribooksonline.com/library/view/ccentccna-icnd1-100-105/9780134440903/,https://www.safaribooksonline.com/library/view/ccentccna-icnd1-100-105/9780134440903/ch10.html,https://www.safaribooksonline.com/a/ccentccna-icnd1-100-105/22574616/,2019-02-03,9780134440903.jpg,10fig04.jpg,Switching Ethernet
What's a collision domain?,"A collision domain is the set of NICs and device ports for which if they sent a frame at the same time, the frames would collide.","CCENT/CCNA ICND1 100-105 Official Certification Guide, First Edition",Wendell Odom,Chapter 10. Analyzing Ethernet LAN Designs,https://www.safaribooksonline.com/library/view/ccentccna-icnd1-100-105/9780134440903/,https://www.safaribooksonline.com/library/view/ccentccna-icnd1-100-105/9780134440903/ch10.html,https://www.safaribooksonline.com/a/ccentccna-icnd1-100-105/22574553/,2019-02-03,9780134440903.jpg,10fig02.jpg,Ethernet
What's SPAN?,SPAN (Switched Port Analyzer) - A method of collecting traffic received on a switch port or a VLAN and sending it to specific destination ports on the same switch.,"CCIE Routing and Switching v5.0 Official Cert Guide, Volume 1, Fifth Edition",Wendell Odom...,Chapter 1. Ethernet Basics,https://www.safaribooksonline.com/library/view/ccie-routing-and/9780133481617/,https://www.safaribooksonline.com/library/view/ccie-routing-and/9780133481617/ch01.html,https://www.safaribooksonline.com/a/ccie-routing-and/22572624/,2019-02-03,9780133481617.jpg,01fig07.jpg,SPAN Switching
Which bit in the Ethernet MAC address is set for multicast frames?,"<b>The I/G bit</b>, which signifies whether the address represents an individual device or a group of devices","CCIE Routing and Switching v5.0 Official Cert Guide, Volume 1, Fifth Edition",Wendell Odom...,Chapter 1. Ethernet Basics,https://www.safaribooksonline.com/library/view/ccie-routing-and/9780133481617/,https://www.safaribooksonline.com/library/view/ccie-routing-and/9780133481617/ch01.html,https://www.safaribooksonline.com/a/ccie-routing-and/22572597/,2019-02-03,9780133481617.jpg,01fig05.jpg,Ethernet Multicast
What are the different types of Ethernet frames?,Ethernet Framing Options,"CCIE Routing and Switching v5.0 Official Cert Guide, Volume 1, Fifth Edition",Wendell Odom...,Chapter 1. Ethernet Basics,https://www.safaribooksonline.com/library/view/ccie-routing-and/9780133481617/,https://www.safaribooksonline.com/library/view/ccie-routing-and/9780133481617/ch01.html,https://www.safaribooksonline.com/a/ccie-routing-and/22572567/,2019-02-03,9780133481617.jpg,01fig04.jpg,Ethernet
What would increasing counts of deferred frames on an interface indicate?,That the interface is running in <b>half-duplex mode</b>. <br>Deferred means that it chose to wait before sending frames because it was currently receiving a frame.,"CCIE Routing and Switching v5.0 Official Cert Guide, Volume 1, Fifth Edition",Wendell Odom...,Chapter 1. Ethernet Basics,https://www.safaribooksonline.com/library/view/ccie-routing-and/9780133481617/,https://www.safaribooksonline.com/library/view/ccie-routing-and/9780133481617/ch01.html,https://www.safaribooksonline.com/a/ccie-routing-and/22572553/,2019-02-03,9780133481617.jpg,01exp01b.jpg,Switching
What are the different wiring standards for UTP cabling?,<b>T568A</b> and <b>T568B</b>,"CCIE Routing and Switching v5.0 Official Cert Guide, Volume 1, Fifth Edition",Wendell Odom...,Chapter 1. Ethernet Basics,https://www.safaribooksonline.com/library/view/ccie-routing-and/9780133481617/,https://www.safaribooksonline.com/library/view/ccie-routing-and/9780133481617/ch01.html,https://www.safaribooksonline.com/a/ccie-routing-and/22572513/,2019-02-03,9780133481617.jpg,T568A-T568B-1.jpg,Cabling
Which layer adds both a header and a trailer?,The data link layer,"The Illustrated Network, 2nd Edition",Walter Goralski,Chapter 1. Protocols and Layers,https://www.safaribooksonline.com/library/view/the-illustrated-network/9780128110287/,https://www.safaribooksonline.com/library/view/the-illustrated-network/9780128110287/xhtml/chp001.xhtml,https://www.safaribooksonline.com/a/the-illustrated-network/22552475/,2019-02-02,9780128110287.jpg,F000011f01-13-9780128110270.jpg,TCP/IP
What are the layers of the TCP/IP model?,The five layers of TCP/IP,"The Illustrated Network, 2nd Edition",Walter Goralski,Chapter 1. Protocols and Layers,https://www.safaribooksonline.com/library/view/the-illustrated-network/9780128110287/,https://www.safaribooksonline.com/library/view/the-illustrated-network/9780128110287/xhtml/chp001.xhtml,https://www.safaribooksonline.com/a/the-illustrated-network/22552579/,2019-02-02,9780128110287.jpg,F000011f01-09-9780128110270.jpg,TCP/IP
Which TCP/IP layer handles process to process delivery?,Process to process delivery is the task of <b>the transport layer</b>.,"The Illustrated Network, 2nd Edition",Walter Goralski,Chapter 1. Protocols and Layers,https://www.safaribooksonline.com/library/view/the-illustrated-network/9780128110287/,https://www.safaribooksonline.com/library/view/the-illustrated-network/9780128110287/xhtml/chp001.xhtml,https://www.safaribooksonline.com/a/the-illustrated-network/22552502/,2019-02-02,9780128110287.jpg,,TCP/IP
What's a full mesh topology?,"In a full mesh topology, all devices are directly connected and one hop away","The Illustrated Network, 2nd Edition",Walter Goralski,Chapter 1. Protocols and Layers,https://www.safaribooksonline.com/library/view/the-illustrated-network/9780128110287/,https://www.safaribooksonline.com/library/view/the-illustrated-network/9780128110287/xhtml/chp001.xhtml,https://www.safaribooksonline.com/a/the-illustrated-network/22552482/,2019-02-02,9780128110287.jpg,,Design
How do you list MAC addresses associated with ports that use port security?,show mac address-table secure,"CCENT/CCNA ICND1 100-105 Official Certification Guide, First Edition",Wendell Odom,Chapter 9. Configuring Switch Interfaces,https://www.safaribooksonline.com/library/view/ccentccna-icnd1-100-105/9780134440903/,https://www.safaribooksonline.com/library/view/ccentccna-icnd1-100-105/9780134440903/ch09.html,https://www.safaribooksonline.com/a/ccentccna-icnd1-100-105/22551477/,2019-02-02,9780134440903.jpg,09ex09.jpg,Switching Security
How do you modify the port-security violation?,(config-if)# <b>switchport port-security violation {protect | restrict | shutdown}</b>,"CCENT/CCNA ICND1 100-105 Official Certification Guide, First Edition",Wendell Odom,Chapter 9. Configuring Switch Interfaces,https://www.safaribooksonline.com/library/view/ccentccna-icnd1-100-105/9780134440903/,https://www.safaribooksonline.com/library/view/ccentccna-icnd1-100-105/9780134440903/ch09.html,https://www.safaribooksonline.com/a/ccentccna-icnd1-100-105/22551436/,2019-02-02,9780134440903.jpg,09tab02.jpg,Security Switching
How do you verify port-security?,<b>show port-security interface</b> <i>interface</i>,"CCENT/CCNA ICND1 100-105 Official Certification Guide, First Edition",Wendell Odom,Chapter 9. Configuring Switch Interfaces,https://www.safaribooksonline.com/library/view/ccentccna-icnd1-100-105/9780134440903/,https://www.safaribooksonline.com/library/view/ccentccna-icnd1-100-105/9780134440903/ch09.html,https://www.safaribooksonline.com/a/ccentccna-icnd1-100-105/22551463/,2019-02-02,9780134440903.jpg,09ex08a.jpg,Switching Security
"How do you enable ""sticky learning"" of MAC addresses when running port-security?",(config-if)# <b>switchport port-security mac-address sticky</b>,"CCENT/CCNA ICND1 100-105 Official Certification Guide, First Edition",Wendell Odom,Chapter 9. Configuring Switch Interfaces,https://www.safaribooksonline.com/library/view/ccentccna-icnd1-100-105/9780134440903/,https://www.safaribooksonline.com/library/view/ccentccna-icnd1-100-105/9780134440903/ch09.html,https://www.safaribooksonline.com/a/ccentccna-icnd1-100-105/22551448/,2019-02-02,9780134440903.jpg,,Switching Security
How do you configure a static MAC address with port-security?,(config-if)# <b>switchport port-security mac-address</b> <i>mac-address</i>,"CCENT/CCNA ICND1 100-105 Official Certification Guide, First Edition",Wendell Odom,Chapter 9. Configuring Switch Interfaces,https://www.safaribooksonline.com/library/view/ccentccna-icnd1-100-105/9780134440903/,https://www.safaribooksonline.com/library/view/ccentccna-icnd1-100-105/9780134440903/ch09.html,https://www.safaribooksonline.com/a/ccentccna-icnd1-100-105/22551440/,2019-02-02,9780134440903.jpg,,Switching Security
Which switch feature can be used to only allow specific MAC addresses on a port?,Port security,"CCENT/CCNA ICND1 100-105 Official Certification Guide, First Edition",Wendell Odom,Chapter 9. Configuring Switch Interfaces,https://www.safaribooksonline.com/library/view/ccentccna-icnd1-100-105/9780134440903/,https://www.safaribooksonline.com/library/view/ccentccna-icnd1-100-105/9780134440903/ch09.html,https://www.safaribooksonline.com/a/ccentccna-icnd1-100-105/22551405/,2019-02-02,9780134440903.jpg,,Switching Security
Which command is used to enable port-security on an interface?,(config-if)# <b>switchport port-security</b>,"CCENT/CCNA ICND1 100-105 Official Certification Guide, First Edition",Wendell Odom,Chapter 9. Configuring Switch Interfaces,https://www.safaribooksonline.com/library/view/ccentccna-icnd1-100-105/9780134440903/,https://www.safaribooksonline.com/library/view/ccentccna-icnd1-100-105/9780134440903/ch09.html,https://www.safaribooksonline.com/a/ccentccna-icnd1-100-105/22551425/,2019-02-02,9780134440903.jpg,,Switching Security
What's the default action taken upon a port-security violation?,shutdown,"CCENT/CCNA ICND1 100-105 Official Certification Guide, First Edition",Wendell Odom,Chapter 9. Configuring Switch Interfaces,https://www.safaribooksonline.com/library/view/ccentccna-icnd1-100-105/9780134440903/,https://www.safaribooksonline.com/library/view/ccentccna-icnd1-100-105/9780134440903/ch09.html,https://www.safaribooksonline.com/a/ccentccna-icnd1-100-105/22551432/,2019-02-02,9780134440903.jpg,,Switching Security
How do you enable IEEE autonegotiation on a switchport?,(config-if)# <b>speed auto</b><br>(config-if)# <b>duplex auto</b>,"CCENT/CCNA ICND1 100-105 Official Certification Guide, First Edition",Wendell Odom,Chapter 9. Configuring Switch Interfaces,https://www.safaribooksonline.com/library/view/ccentccna-icnd1-100-105/9780134440903/,https://www.safaribooksonline.com/library/view/ccentccna-icnd1-100-105/9780134440903/ch09.html,https://www.safaribooksonline.com/a/ccentccna-icnd1-100-105/22551388/,2019-02-02,9780134440903.jpg,09fig02.jpg,IOS
Which command could be used to configure multiple switchports at the same time?,The <b>interface range</b> command,"CCENT/CCNA ICND1 100-105 Official Certification Guide, First Edition",Wendell Odom,Chapter 9. Configuring Switch Interfaces,https://www.safaribooksonline.com/library/view/ccentccna-icnd1-100-105/9780134440903/,https://www.safaribooksonline.com/library/view/ccentccna-icnd1-100-105/9780134440903/ch09.html,https://www.safaribooksonline.com/a/ccentccna-icnd1-100-105/22551323/,2019-02-02,9780134440903.jpg,,IOS
Which commands are used to enable/disable an interface?,<b>shutdown</b> and <b>no shutdown</b>,"CCENT/CCNA ICND1 100-105 Official Certification Guide, First Edition",Wendell Odom,Chapter 9. Configuring Switch Interfaces,https://www.safaribooksonline.com/library/view/ccentccna-icnd1-100-105/9780134440903/,https://www.safaribooksonline.com/library/view/ccentccna-icnd1-100-105/9780134440903/ch09.html,https://www.safaribooksonline.com/a/ccentccna-icnd1-100-105/22551293/,2019-02-02,9780134440903.jpg,,IOS
What's the standard/normal VLAN range?,1–1005,"CCENT/CCNA ICND1 100-105 Official Certification Guide, First Edition",Wendell Odom,Chapter 11. Implementing Ethernet Virtual LANs,https://www.safaribooksonline.com/library/view/ccentccna-icnd1-100-105/9780134440903/,https://www.safaribooksonline.com/library/view/ccentccna-icnd1-100-105/9780134440903/ch11.html,https://www.safaribooksonline.com/a/ccentccna-icnd1-100-105/22516289/,2019-02-01,9780134440903.jpg,,VLAN
How can you verify which VLANs are reserved internally?,show vlan internal usage,CCNP Self-Study CCNP Practical Studies: Switching,Justin Menga,2. VLAN Operations,https://www.safaribooksonline.com/library/view/ccnp-self-study-ccnp/1587200600/,https://www.safaribooksonline.com/library/view/ccnp-self-study-ccnp/1587200600/ch02.html,https://www.safaribooksonline.com/a/ccnp-self-study-ccnp/22516177/,2019-02-01,1587200600.jpg,,VLAN
What's the extended VLAN range?,1006 to 4094,"CCENT/CCNA ICND1 100-105 Official Certification Guide, First Edition",Wendell Odom,Chapter 11. Implementing Ethernet Virtual LANs,https://www.safaribooksonline.com/library/view/ccentccna-icnd1-100-105/9780134440903/,https://www.safaribooksonline.com/library/view/ccentccna-icnd1-100-105/9780134440903/ch11.html,https://www.safaribooksonline.com/a/ccentccna-icnd1-100-105/22516113/,2019-02-01,9780134440903.jpg,,VLAN
What's the native VLAN?,"802.1Q defines one special VLAN ID as the native VLAN (defaulting to use VLAN 1). By definition, 802.1Q simply does not add an header to frames in the native VLAN.","CCENT/CCNA ICND1 100-105 Official Certification Guide, First Edition",Wendell Odom,Chapter 11. Implementing Ethernet Virtual LANs,https://www.safaribooksonline.com/library/view/ccentccna-icnd1-100-105/9780134440903/,https://www.safaribooksonline.com/library/view/ccentccna-icnd1-100-105/9780134440903/ch11.html,https://www.safaribooksonline.com/a/ccentccna-icnd1-100-105/22516091/,2019-02-01,9780134440903.jpg,,VLAN
Which VLANs are reserved by default on a Cisco Catalyst switch?,"<b>VLAN 1</b> cannot be deleted, but can be used. <b>VLANs 1002-1005</b> cannot be deleted and cannot be used","CCENT/CCNA ICND1 100-105 Official Certification Guide, First Edition",Wendell Odom,Chapter 11. Implementing Ethernet Virtual LANs,https://www.safaribooksonline.com/library/view/ccentccna-icnd1-100-105/9780134440903/,https://www.safaribooksonline.com/library/view/ccentccna-icnd1-100-105/9780134440903/ch11.html,https://www.safaribooksonline.com/a/ccentccna-icnd1-100-105/22515969/,2019-02-01,9780134440903.jpg,,IOS Switching VLAN
Disable DNS lookups in IOS,(config)# <b>no ip domain-lookup</b>,"CCENT/CCNA ICND1 100-105 Official Certification Guide, First Edition",Wendell Odom,Chapter 8. Configuring Basic Switch Management,https://www.safaribooksonline.com/library/view/ccentccna-icnd1-100-105/9780134440903/,https://www.safaribooksonline.com/library/view/ccentccna-icnd1-100-105/9780134440903/ch08.html,https://www.safaribooksonline.com/a/ccentccna-icnd1-100-105/22513804/,2019-02-01,9780134440903.jpg,,IOS
How do you set SSH as the only allowed remote access protocol in IOS?,(config-line)# <b>transport input ssh</b>,"CCENT/CCNA ICND1 100-105 Official Certification Guide, First Edition",Wendell Odom,Chapter 8. Configuring Basic Switch Management,https://www.safaribooksonline.com/library/view/ccentccna-icnd1-100-105/9780134440903/,https://www.safaribooksonline.com/library/view/ccentccna-icnd1-100-105/9780134440903/ch08.html,https://www.safaribooksonline.com/a/ccentccna-icnd1-100-105/22513719/,2019-02-01,9780134440903.jpg,,SSH Security IOS
How do you configure SSH in IOS to support version 2 only?,SW1(config)# <b>ip ssh version 2</b>,"CCENT/CCNA ICND1 100-105 Official Certification Guide, First Edition",Wendell Odom,Chapter 8. Configuring Basic Switch Management,https://www.safaribooksonline.com/library/view/ccentccna-icnd1-100-105/9780134440903/,https://www.safaribooksonline.com/library/view/ccentccna-icnd1-100-105/9780134440903/ch08.html,https://www.safaribooksonline.com/a/ccentccna-icnd1-100-105/22513679/,2019-02-01,9780134440903.jpg,,IOS Security
Which command is used to generate RSA key-pairs in IOS?,(config)# <b>crypto key generate rsa</b>,"CCENT/CCNA ICND1 100-105 Official Certification Guide, First Edition",Wendell Odom,Chapter 8. Configuring Basic Switch Management,https://www.safaribooksonline.com/library/view/ccentccna-icnd1-100-105/9780134440903/,https://www.safaribooksonline.com/library/view/ccentccna-icnd1-100-105/9780134440903/ch08.html,https://www.safaribooksonline.com/a/ccentccna-icnd1-100-105/22513651/,2019-02-01,9780134440903.jpg,,Security
Which protocols are supported for external user authentication in IOS?,Either the RADIUS or TACACS+ protocol,"CCENT/CCNA ICND1 100-105 Official Certification Guide, First Edition",Wendell Odom,Chapter 8. Configuring Basic Switch Management,https://www.safaribooksonline.com/library/view/ccentccna-icnd1-100-105/9780134440903/,https://www.safaribooksonline.com/library/view/ccentccna-icnd1-100-105/9780134440903/ch08.html,https://www.safaribooksonline.com/a/ccentccna-icnd1-100-105/22513628/,2019-02-01,9780134440903.jpg,08fig04.jpg,Security
What does AAA stand for?,"Authentication, Authorization, and Accounting","CCENT/CCNA ICND1 100-105 Official Certification Guide, First Edition",Wendell Odom,Chapter 8. Configuring Basic Switch Management,https://www.safaribooksonline.com/library/view/ccentccna-icnd1-100-105/9780134440903/,https://www.safaribooksonline.com/library/view/ccentccna-icnd1-100-105/9780134440903/ch08.html,https://www.safaribooksonline.com/a/ccentccna-icnd1-100-105/22513596/,2019-02-01,9780134440903.jpg,,Security
How do you create a local user?,(config)# <b>username</b> <i>name</i> <b>secret</b> <i>password</i>,"CCENT/CCNA ICND1 100-105 Official Certification Guide, First Edition",Wendell Odom,Chapter 8. Configuring Basic Switch Management,https://www.safaribooksonline.com/library/view/ccentccna-icnd1-100-105/9780134440903/,https://www.safaribooksonline.com/library/view/ccentccna-icnd1-100-105/9780134440903/ch08.html,https://www.safaribooksonline.com/a/ccentccna-icnd1-100-105/22513585/,2019-02-01,9780134440903.jpg,08fig03.jpg,IOS
How do you remove all dynamic MAC address entries on a switch?,# <b>clear mac address-table dynamic</b>,"CCENT/CCNA ICND1 100-105 Official Certification Guide, First Edition",Wendell Odom,Chapter 7. Analyzing Ethernet LAN Switching,https://www.safaribooksonline.com/library/view/ccentccna-icnd1-100-105/9780134440903/,https://www.safaribooksonline.com/library/view/ccentccna-icnd1-100-105/9780134440903/ch07.html,https://www.safaribooksonline.com/a/ccentccna-icnd1-100-105/22485764/,2019-01-31,9780134440903.jpg,,Switching
What's the default MAC address aging timer on Cisco switches?,<b>300 seconds</b>,"CCENT/CCNA ICND1 100-105 Official Certification Guide, First Edition",Wendell Odom,Chapter 7. Analyzing Ethernet LAN Switching,https://www.safaribooksonline.com/library/view/ccentccna-icnd1-100-105/9780134440903/,https://www.safaribooksonline.com/library/view/ccentccna-icnd1-100-105/9780134440903/ch07.html,https://www.safaribooksonline.com/a/ccentccna-icnd1-100-105/22485726/,2019-01-31,9780134440903.jpg,07ex07.jpg,Switching
What command is used to verify the MAC address table of a switch?,show mac address-table,"CCENT/CCNA ICND1 100-105 Official Certification Guide, First Edition",Wendell Odom,Chapter 7. Analyzing Ethernet LAN Switching,https://www.safaribooksonline.com/library/view/ccentccna-icnd1-100-105/9780134440903/,https://www.safaribooksonline.com/library/view/ccentccna-icnd1-100-105/9780134440903/ch07.html,https://www.safaribooksonline.com/a/ccentccna-icnd1-100-105/22485644/,2019-01-31,9780134440903.jpg,07ex01.jpg,Switching
Which protocol is used by default on switches to build loop-free layer 2 topologies?,Spanning Tree Protocol (STP),"CCENT/CCNA ICND1 100-105 Official Certification Guide, First Edition",Wendell Odom,Chapter 7. Analyzing Ethernet LAN Switching,https://www.safaribooksonline.com/library/view/ccentccna-icnd1-100-105/9780134440903/,https://www.safaribooksonline.com/library/view/ccentccna-icnd1-100-105/9780134440903/ch07.html,https://www.safaribooksonline.com/a/ccentccna-icnd1-100-105/22485597/,2019-01-31,9780134440903.jpg,,STP Switching
How does switches handle frames with an unknown destination MAC address?,"Switches flood unknown unicast frames. Flooding means that the switch forwards copies of the frame out all ports, except the port on which the frame was received.","CCENT/CCNA ICND1 100-105 Official Certification Guide, First Edition",Wendell Odom,Chapter 7. Analyzing Ethernet LAN Switching,https://www.safaribooksonline.com/library/view/ccentccna-icnd1-100-105/9780134440903/,https://www.safaribooksonline.com/library/view/ccentccna-icnd1-100-105/9780134440903/ch07.html,https://www.safaribooksonline.com/a/ccentccna-icnd1-100-105/22485574/,2019-01-31,9780134440903.jpg,07fig07.jpg,Switching
How does a switch build its MAC address table?,Switches build the address table by listening to incoming frames and examining the <i>source MAC address</i> in the frame.,"CCENT/CCNA ICND1 100-105 Official Certification Guide, First Edition",Wendell Odom,Chapter 7. Analyzing Ethernet LAN Switching,https://www.safaribooksonline.com/library/view/ccentccna-icnd1-100-105/9780134440903/,https://www.safaribooksonline.com/library/view/ccentccna-icnd1-100-105/9780134440903/ch07.html,https://www.safaribooksonline.com/a/ccentccna-icnd1-100-105/22485534/,2019-01-31,9780134440903.jpg,,Switching
Give examples of other names for the switch's MAC address table,"A switch’s MAC address table is also called the <i>switching table</i>, or <i>bridging table</i>, or even the <i>Content-Addressable Memory (CAM) table</i>","CCENT/CCNA ICND1 100-105 Official Certification Guide, First Edition",Wendell Odom,Chapter 7. Analyzing Ethernet LAN Switching,https://www.safaribooksonline.com/library/view/ccentccna-icnd1-100-105/9780134440903/,https://www.safaribooksonline.com/library/view/ccentccna-icnd1-100-105/9780134440903/ch07.html,https://www.safaribooksonline.com/a/ccentccna-icnd1-100-105/22485492/,2019-01-31,9780134440903.jpg,,Switching
Which organization is responsible for the development of Internet Standards?,The Internet Engineering Task Force (IETF),"The Illustrated Network, 2nd Edition",Walter Goralski,Chapter 1. Protocols and Layers,https://www.safaribooksonline.com/library/view/the-illustrated-network/9780128110287/,https://www.safaribooksonline.com/library/view/the-illustrated-network/9780128110287/xhtml/chp001.xhtml,https://www.safaribooksonline.com/a/the-illustrated-network/22483564/,2019-01-31,9780128110287.jpg,F000011f01-05-9780128110270.jpg,TCP/IP
What's a <i>De facto</i> standard?,Standards that have not been formally approved but are widely followed fall into this category.,"The Illustrated Network, 2nd Edition",Walter Goralski,Chapter 1. Protocols and Layers,https://www.safaribooksonline.com/library/view/the-illustrated-network/9780128110287/,https://www.safaribooksonline.com/library/view/the-illustrated-network/9780128110287/xhtml/chp001.xhtml,https://www.safaribooksonline.com/a/the-illustrated-network/22483393/,2019-01-31,9780128110287.jpg,,TCP/IP
Why is SSH preferred over Telnet?,"SSH encrypts all data exchange, including login passwords; Telnet encrypts nothing.","CCENT/CCNA ICND1 100-105 Official Certification Guide, First Edition",Wendell Odom,Chapter 6. Using the Command-Line Interface,https://www.safaribooksonline.com/library/view/ccentccna-icnd1-100-105/9780134440903/,https://www.safaribooksonline.com/library/view/ccentccna-icnd1-100-105/9780134440903/ch06.html,https://www.safaribooksonline.com/a/ccentccna-icnd1-100-105/22446023/,2019-01-30,9780134440903.jpg,,SSH
How do you delete the startup configuration?,"To do that, you can erase the startup-config file using three different commands:<br><b> write erase<br> erase startup-config<br> erase nvram:</b>","CCENT/CCNA ICND1 100-105 Official Certification Guide, First Edition",Wendell Odom,Chapter 6. Using the Command-Line Interface,https://www.safaribooksonline.com/library/view/ccentccna-icnd1-100-105/9780134440903/,https://www.safaribooksonline.com/library/view/ccentccna-icnd1-100-105/9780134440903/ch06.html,https://www.safaribooksonline.com/a/ccentccna-icnd1-100-105/22445983/,2019-01-30,9780134440903.jpg,,IOS
How do you save the running configuration?,copy running-config startup-config,"CCENT/CCNA ICND1 100-105 Official Certification Guide, First Edition",Wendell Odom,Chapter 6. Using the Command-Line Interface,https://www.safaribooksonline.com/library/view/ccentccna-icnd1-100-105/9780134440903/,https://www.safaribooksonline.com/library/view/ccentccna-icnd1-100-105/9780134440903/ch06.html,https://www.safaribooksonline.com/a/ccentccna-icnd1-100-105/22445949/,2019-01-30,9780134440903.jpg,,IOS
What's the difference between <b>running-config</b> and <b>startup-config</b>?,Two Main Cisco IOS Configuration Files,"CCENT/CCNA ICND1 100-105 Official Certification Guide, First Edition",Wendell Odom,Chapter 6. Using the Command-Line Interface,https://www.safaribooksonline.com/library/view/ccentccna-icnd1-100-105/9780134440903/,https://www.safaribooksonline.com/library/view/ccentccna-icnd1-100-105/9780134440903/ch06.html,https://www.safaribooksonline.com/a/ccentccna-icnd1-100-105/22445927/,2019-01-30,9780134440903.jpg,06tab05.jpg,IOS
What are the different memory types on a Cisco IOS device?,Cisco Switch Memory Types,"CCENT/CCNA ICND1 100-105 Official Certification Guide, First Edition",Wendell Odom,Chapter 6. Using the Command-Line Interface,https://www.safaribooksonline.com/library/view/ccentccna-icnd1-100-105/9780134440903/,https://www.safaribooksonline.com/library/view/ccentccna-icnd1-100-105/9780134440903/ch06.html,https://www.safaribooksonline.com/a/ccentccna-icnd1-100-105/22445897/,2019-01-30,9780134440903.jpg,06fig09.jpg,Cisco IOS
How do you move from enable mode to global configuration mode?,Switch# <b>configure terminal</b>,"CCENT/CCNA ICND1 100-105 Official Certification Guide, First Edition",Wendell Odom,Chapter 6. Using the Command-Line Interface,https://www.safaribooksonline.com/library/view/ccentccna-icnd1-100-105/9780134440903/,https://www.safaribooksonline.com/library/view/ccentccna-icnd1-100-105/9780134440903/ch06.html,https://www.safaribooksonline.com/a/ccentccna-icnd1-100-105/22445876/,2019-01-30,9780134440903.jpg,,IOS
How do you enable simple password checking on the console port?,<b>line console 0<br>  login<br>  password</b> <i>password</i>,"CCENT/CCNA ICND1 100-105 Official Certification Guide, First Edition",Wendell Odom,Chapter 6. Using the Command-Line Interface,https://www.safaribooksonline.com/library/view/ccentccna-icnd1-100-105/9780134440903/,https://www.safaribooksonline.com/library/view/ccentccna-icnd1-100-105/9780134440903/ch06.html,https://www.safaribooksonline.com/a/ccentccna-icnd1-100-105/22445839/,2019-01-30,9780134440903.jpg,,IOS
How do you verify the active configuration on Cisco device?,<b>show running-config</b>,"CCENT/CCNA ICND1 100-105 Official Certification Guide, First Edition",Wendell Odom,Chapter 6. Using the Command-Line Interface,https://www.safaribooksonline.com/library/view/ccentccna-icnd1-100-105/9780134440903/,https://www.safaribooksonline.com/library/view/ccentccna-icnd1-100-105/9780134440903/ch06.html,https://www.safaribooksonline.com/a/ccentccna-icnd1-100-105/22445783/,2019-01-30,9780134440903.jpg,06ex02.jpg,IOS
How do you password protect enable mode?,<b>enable secret</b> <i>password</i>,"CCENT/CCNA ICND1 100-105 Official Certification Guide, First Edition",Wendell Odom,Chapter 6. Using the Command-Line Interface,https://www.safaribooksonline.com/library/view/ccentccna-icnd1-100-105/9780134440903/,https://www.safaribooksonline.com/library/view/ccentccna-icnd1-100-105/9780134440903/ch06.html,https://www.safaribooksonline.com/a/ccentccna-icnd1-100-105/22445750/,2019-01-30,9780134440903.jpg,,IOS
How do you know if you are in user mode or privileged mode?,"If the command prompt lists the hostname followed by a >, the user is in user mode; if it is the hostname followed by the #, the user is in enable mode.","CCENT/CCNA ICND1 100-105 Official Certification Guide, First Edition",Wendell Odom,Chapter 6. Using the Command-Line Interface,https://www.safaribooksonline.com/library/view/ccentccna-icnd1-100-105/9780134440903/,https://www.safaribooksonline.com/library/view/ccentccna-icnd1-100-105/9780134440903/ch06.html,https://www.safaribooksonline.com/a/ccentccna-icnd1-100-105/22445724/,2019-01-30,9780134440903.jpg,,Cisco
How do you move from <b>user mode</b> to <b>privileged mode</b>?,With the <b>enable</b> command,"CCENT/CCNA ICND1 100-105 Official Certification Guide, First Edition",Wendell Odom,Chapter 6. Using the Command-Line Interface,https://www.safaribooksonline.com/library/view/ccentccna-icnd1-100-105/9780134440903/,https://www.safaribooksonline.com/library/view/ccentccna-icnd1-100-105/9780134440903/ch06.html,https://www.safaribooksonline.com/a/ccentccna-icnd1-100-105/22445712/,2019-01-30,9780134440903.jpg,06fig06.jpg,IOS
What does it mean that TCP uses sliding window?,The receiver can slide the window size up and down,"CCENT/CCNA ICND1 100-105 Official Certification Guide, First Edition",Wendell Odom,Chapter 5. Fundamentals of TCP/IP Transport and Applications,https://www.safaribooksonline.com/library/view/ccentccna-icnd1-100-105/9780134440903/,https://www.safaribooksonline.com/library/view/ccentccna-icnd1-100-105/9780134440903/ch05.html,https://www.safaribooksonline.com/a/ccentccna-icnd1-100-105/22357508/,2019-01-27,9780134440903.jpg,05fig09.jpg,TCP
What's the IP protocol number for UDP?,<b>17</b>,"CCENT/CCNA ICND1 100-105 Official Certification Guide, First Edition",Wendell Odom,Chapter 5. Fundamentals of TCP/IP Transport and Applications,https://www.safaribooksonline.com/library/view/ccentccna-icnd1-100-105/9780134440903/,https://www.safaribooksonline.com/library/view/ccentccna-icnd1-100-105/9780134440903/ch05.html,https://www.safaribooksonline.com/a/ccentccna-icnd1-100-105/22357490/,2019-01-27,9780134440903.jpg,,UDP
What's the IP protocol number for TCP?,<b>6</b>,"CCENT/CCNA ICND1 100-105 Official Certification Guide, First Edition",Wendell Odom,Chapter 5. Fundamentals of TCP/IP Transport and Applications,https://www.safaribooksonline.com/library/view/ccentccna-icnd1-100-105/9780134440903/,https://www.safaribooksonline.com/library/view/ccentccna-icnd1-100-105/9780134440903/ch05.html,https://www.safaribooksonline.com/a/ccentccna-icnd1-100-105/22357480/,2019-01-27,9780134440903.jpg,05fig15.jpg,TCP
URI,Uniform Resource Identifier (URI),"CCENT/CCNA ICND1 100-105 Official Certification Guide, First Edition",Wendell Odom,Chapter 5. Fundamentals of TCP/IP Transport and Applications,https://www.safaribooksonline.com/library/view/ccentccna-icnd1-100-105/9780134440903/,https://www.safaribooksonline.com/library/view/ccentccna-icnd1-100-105/9780134440903/ch05.html,https://www.safaribooksonline.com/a/ccentccna-icnd1-100-105/22357452/,2019-01-27,9780134440903.jpg,05fig11.jpg,HTTP
What are the fields in the UDP header?,The UDP Header,"CCENT/CCNA ICND1 100-105 Official Certification Guide, First Edition",Wendell Odom,Chapter 5. Fundamentals of TCP/IP Transport and Applications,https://www.safaribooksonline.com/library/view/ccentccna-icnd1-100-105/9780134440903/,https://www.safaribooksonline.com/library/view/ccentccna-icnd1-100-105/9780134440903/ch05.html,https://www.safaribooksonline.com/a/ccentccna-icnd1-100-105/22357441/,2019-01-27,9780134440903.jpg,05fig10.jpg,UDP
Which field in the TCP header is used for flow control?,The window field,"CCENT/CCNA ICND1 100-105 Official Certification Guide, First Edition",Wendell Odom,Chapter 5. Fundamentals of TCP/IP Transport and Applications,https://www.safaribooksonline.com/library/view/ccentccna-icnd1-100-105/9780134440903/,https://www.safaribooksonline.com/library/view/ccentccna-icnd1-100-105/9780134440903/ch05.html,https://www.safaribooksonline.com/a/ccentccna-icnd1-100-105/22357425/,2019-01-27,9780134440903.jpg,05fig09.jpg,TCP
What does it mean that TCP uses forward acknowledgement?,"The number that acknowledges data lists the next data that should be sent, not the last data that was successfully received","CCENT/CCNA ICND1 100-105 Official Certification Guide, First Edition",Wendell Odom,Glossary,https://www.safaribooksonline.com/library/view/ccentccna-icnd1-100-105/9780134440903/,https://www.safaribooksonline.com/library/view/ccentccna-icnd1-100-105/9780134440903/gloss01.html,https://www.safaribooksonline.com/a/ccentccna-icnd1-100-105/22357407/,2019-01-27,9780134440903.jpg,05fig07.jpg,TCP
Which fields in the TCP header are used for reliability?,The Sequence and Acknowledgment number fields,"CCENT/CCNA ICND1 100-105 Official Certification Guide, First Edition",Wendell Odom,Chapter 5. Fundamentals of TCP/IP Transport and Applications,https://www.safaribooksonline.com/library/view/ccentccna-icnd1-100-105/9780134440903/,https://www.safaribooksonline.com/library/view/ccentccna-icnd1-100-105/9780134440903/ch05.html,https://www.safaribooksonline.com/a/ccentccna-icnd1-100-105/22357376/,2019-01-27,9780134440903.jpg,05fig07.jpg,TCP
What's a connectionless protocol?,A protocol that does not require an exchange of messages and that does not require a pre-established correlation between two endpoints.,"CCENT/CCNA ICND1 100-105 Official Certification Guide, First Edition",Wendell Odom,Chapter 5. Fundamentals of TCP/IP Transport and Applications,https://www.safaribooksonline.com/library/view/ccentccna-icnd1-100-105/9780134440903/,https://www.safaribooksonline.com/library/view/ccentccna-icnd1-100-105/9780134440903/ch05.html,https://www.safaribooksonline.com/a/ccentccna-icnd1-100-105/22356398/,2019-01-27,9780134440903.jpg,,UDP IP
What's a connection-oriented protocol?,"A protocol that requires an exchange of messages before data transfer begins, or that has a required pre-established correlation between two endpoints.","CCENT/CCNA ICND1 100-105 Official Certification Guide, First Edition",Wendell Odom,Chapter 5. Fundamentals of TCP/IP Transport and Applications,https://www.safaribooksonline.com/library/view/ccentccna-icnd1-100-105/9780134440903/,https://www.safaribooksonline.com/library/view/ccentccna-icnd1-100-105/9780134440903/ch05.html,https://www.safaribooksonline.com/a/ccentccna-icnd1-100-105/22356394/,2019-01-27,9780134440903.jpg,,TCP
How is a TCP session terminated?,With the TCP connection termination (FIN bit),"CCENT/CCNA ICND1 100-105 Official Certification Guide, First Edition",Wendell Odom,Chapter 5. Fundamentals of TCP/IP Transport and Applications,https://www.safaribooksonline.com/library/view/ccentccna-icnd1-100-105/9780134440903/,https://www.safaribooksonline.com/library/view/ccentccna-icnd1-100-105/9780134440903/ch05.html,https://www.safaribooksonline.com/a/ccentccna-icnd1-100-105/22356391/,2019-01-27,9780134440903.jpg,05fig06.jpg,TCP
How is a TCP session established?,"Using the three-way handshake (SYN, SYN/ACK, ACK)","CCENT/CCNA ICND1 100-105 Official Certification Guide, First Edition",Wendell Odom,Chapter 5. Fundamentals of TCP/IP Transport and Applications,https://www.safaribooksonline.com/library/view/ccentccna-icnd1-100-105/9780134440903/,https://www.safaribooksonline.com/library/view/ccentccna-icnd1-100-105/9780134440903/ch05.html,https://www.safaribooksonline.com/a/ccentccna-icnd1-100-105/22356359/,2019-01-27,9780134440903.jpg,05fig05.jpg,TCP
Which port numbers are reserved?,Ports below 1024 are reserved for well-known applications (0 to 1023),"CCENT/CCNA ICND1 100-105 Official Certification Guide, First Edition",Wendell Odom,Chapter 5. Fundamentals of TCP/IP Transport and Applications,https://www.safaribooksonline.com/library/view/ccentccna-icnd1-100-105/9780134440903/,https://www.safaribooksonline.com/library/view/ccentccna-icnd1-100-105/9780134440903/ch05.html,https://www.safaribooksonline.com/a/ccentccna-icnd1-100-105/22356339/,2019-01-27,9780134440903.jpg,,TCP UDP
What does a socket consist of?,An IP address<br>A transport protocol<br>A port number,"CCENT/CCNA ICND1 100-105 Official Certification Guide, First Edition",Wendell Odom,Chapter 5. Fundamentals of TCP/IP Transport and Applications,https://www.safaribooksonline.com/library/view/ccentccna-icnd1-100-105/9780134440903/,https://www.safaribooksonline.com/library/view/ccentccna-icnd1-100-105/9780134440903/ch05.html,https://www.safaribooksonline.com/a/ccentccna-icnd1-100-105/22356307/,2019-01-27,9780134440903.jpg,05fig04.jpg,TCP UDP
How is multiplexing achieved with TCP and UDP?,By using a port number field in the TCP or UDP header,"CCENT/CCNA ICND1 100-105 Official Certification Guide, First Edition",Wendell Odom,Chapter 5. Fundamentals of TCP/IP Transport and Applications,https://www.safaribooksonline.com/library/view/ccentccna-icnd1-100-105/9780134440903/,https://www.safaribooksonline.com/library/view/ccentccna-icnd1-100-105/9780134440903/ch05.html,https://www.safaribooksonline.com/a/ccentccna-icnd1-100-105/22356289/,2019-01-27,9780134440903.jpg,05fig03.jpg,TCP UDP
TCP is defined in which RFC?,Request For Comments (RFC) 793,"CCENT/CCNA ICND1 100-105 Official Certification Guide, First Edition",Wendell Odom,Chapter 5. Fundamentals of TCP/IP Transport and Applications,https://www.safaribooksonline.com/library/view/ccentccna-icnd1-100-105/9780134440903/,https://www.safaribooksonline.com/library/view/ccentccna-icnd1-100-105/9780134440903/ch05.html,https://www.safaribooksonline.com/a/ccentccna-icnd1-100-105/22356277/,2019-01-27,9780134440903.jpg,,TCP
What protocol is used by the <b>ping</b> command?,Internet Control Message Protocol (ICMP),"CCENT/CCNA ICND1 100-105 Official Certification Guide, First Edition",Wendell Odom,Chapter 4. Fundamentals of IPv4 Addressing and Routing,https://www.safaribooksonline.com/library/view/ccentccna-icnd1-100-105/9780134440903/,https://www.safaribooksonline.com/library/view/ccentccna-icnd1-100-105/9780134440903/ch04.html,https://www.safaribooksonline.com/a/ccentccna-icnd1-100-105/22334636/,2019-01-26,9780134440903.jpg,04fig15.jpg,IP
What protocol is used to map an IPv4 address to a MAC address?,Address Resolution Protocol (ARP),"CCENT/CCNA ICND1 100-105 Official Certification Guide, First Edition",Wendell Odom,Chapter 4. Fundamentals of IPv4 Addressing and Routing,https://www.safaribooksonline.com/library/view/ccentccna-icnd1-100-105/9780134440903/,https://www.safaribooksonline.com/library/view/ccentccna-icnd1-100-105/9780134440903/ch04.html,https://www.safaribooksonline.com/a/ccentccna-icnd1-100-105/22334632/,2019-01-26,9780134440903.jpg,04fig14.jpg,IPv4
What protocol is used to dynamically map a hostname to an IP address?,Domain Name System (DNS),"CCENT/CCNA ICND1 100-105 Official Certification Guide, First Edition",Wendell Odom,Chapter 4. Fundamentals of IPv4 Addressing and Routing,https://www.safaribooksonline.com/library/view/ccentccna-icnd1-100-105/9780134440903/,https://www.safaribooksonline.com/library/view/ccentccna-icnd1-100-105/9780134440903/ch04.html,https://www.safaribooksonline.com/a/ccentccna-icnd1-100-105/22334628/,2019-01-26,9780134440903.jpg,,IP
What are the different IPv4 address classes?,Division of the Entire IPv4 Address Space by Class,"CCENT/CCNA ICND1 100-105 Official Certification Guide, First Edition",Wendell Odom,Chapter 4. Fundamentals of IPv4 Addressing and Routing,https://www.safaribooksonline.com/library/view/ccentccna-icnd1-100-105/9780134440903/,https://www.safaribooksonline.com/library/view/ccentccna-icnd1-100-105/9780134440903/ch04.html,https://www.safaribooksonline.com/a/ccentccna-icnd1-100-105/22334613/,2019-01-26,9780134440903.jpg,04fig06.jpg,IPv4
IPv4 address are usually written in what format?,Dotted-Decimal Notation (DDN),"CCENT/CCNA ICND1 100-105 Official Certification Guide, First Edition",Wendell Odom,Chapter 4. Fundamentals of IPv4 Addressing and Routing,https://www.safaribooksonline.com/library/view/ccentccna-icnd1-100-105/9780134440903/,https://www.safaribooksonline.com/library/view/ccentccna-icnd1-100-105/9780134440903/ch04.html,https://www.safaribooksonline.com/a/ccentccna-icnd1-100-105/22334606/,2019-01-26,9780134440903.jpg,,IPv4
What's the size of an IPv4 address?,32-bit,"CCENT/CCNA ICND1 100-105 Official Certification Guide, First Edition",Wendell Odom,Chapter 4. Fundamentals of IPv4 Addressing and Routing,https://www.safaribooksonline.com/library/view/ccentccna-icnd1-100-105/9780134440903/,https://www.safaribooksonline.com/library/view/ccentccna-icnd1-100-105/9780134440903/ch04.html,https://www.safaribooksonline.com/a/ccentccna-icnd1-100-105/22334599/,2019-01-26,9780134440903.jpg,,IPv4
How does Cable Internet work?,"Cable Internet takes full advantage of existing cabling, using the existing cable TV (CATV) cable to connect to the ISP","CCENT/CCNA ICND1 100-105 Official Certification Guide, First Edition",Wendell Odom,Chapter 3. Fundamentals of WANs,https://www.safaribooksonline.com/library/view/ccentccna-icnd1-100-105/9780134440903/,https://www.safaribooksonline.com/library/view/ccentccna-icnd1-100-105/9780134440903/ch03.html,https://www.safaribooksonline.com/a/ccentccna-icnd1-100-105/22073913/,2019-01-24,9780134440903.jpg,03fig17.jpg,WAN
How does DSL work?,Digital subscriber line (DSL) creates a relatively short high-speed WAN link between a customer and an ISP using the telephone line.,"CCENT/CCNA ICND1 100-105 Official Certification Guide, First Edition",Wendell Odom,Chapter 3. Fundamentals of WANs,https://www.safaribooksonline.com/library/view/ccentccna-icnd1-100-105/9780134440903/,https://www.safaribooksonline.com/library/view/ccentccna-icnd1-100-105/9780134440903/ch03.html,https://www.safaribooksonline.com/a/ccentccna-icnd1-100-105/22073826/,2019-01-24,9780134440903.jpg,03fig16.jpg,WAN
What's the main difference between the ISO standard HDLC frame and Cisco HDLC?,ISO standard HDLC does not have a Type field,"CCENT/CCNA ICND1 100-105 Official Certification Guide, First Edition",Wendell Odom,Chapter 3. Fundamentals of WANs,https://www.safaribooksonline.com/library/view/ccentccna-icnd1-100-105/9780134440903/,https://www.safaribooksonline.com/library/view/ccentccna-icnd1-100-105/9780134440903/ch03.html,https://www.safaribooksonline.com/a/ccentccna-icnd1-100-105/22073701/,2019-01-24,9780134440903.jpg,03fig06.jpg,WAN
What's the speed of a T1 circuit?,1.544 Mbps,"CCENT/CCNA ICND1 100-105 Official Certification Guide, First Edition",Wendell Odom,Chapter 3. Fundamentals of WANs,https://www.safaribooksonline.com/library/view/ccentccna-icnd1-100-105/9780134440903/,https://www.safaribooksonline.com/library/view/ccentccna-icnd1-100-105/9780134440903/ch03.html,https://www.safaribooksonline.com/a/ccentccna-icnd1-100-105/22073676/,2019-01-24,9780134440903.jpg,,WAN
What's the purpose of the FCS field in the Ethernet trailer?,Error Detection,"CCENT/CCNA ICND1 100-105 Official Certification Guide, First Edition",Wendell Odom,Chapter 2. Fundamentals of Ethernet LANs,https://www.safaribooksonline.com/library/view/ccentccna-icnd1-100-105/9780134440903/,https://www.safaribooksonline.com/library/view/ccentccna-icnd1-100-105/9780134440903/ch02.html,https://www.safaribooksonline.com/a/ccentccna-icnd1-100-105/21994496/,2019-01-22,9780134440903.jpg,,Ethernet
What algorithm is used on half-duplex Ethernet LANs?,Carrier Sense Multiple Access with Collision Detection (CSMA/CD),"CCENT/CCNA ICND1 100-105 Official Certification Guide, First Edition",Wendell Odom,Chapter 2. Fundamentals of Ethernet LANs,https://www.safaribooksonline.com/library/view/ccentccna-icnd1-100-105/9780134440903/,https://www.safaribooksonline.com/library/view/ccentccna-icnd1-100-105/9780134440903/ch02.html,https://www.safaribooksonline.com/a/ccentccna-icnd1-100-105/21994481/,2019-01-22,9780134440903.jpg,,Ethernet
What's the difference between half-duplex and full-duplex?,"Half duplex: The device can only send or receive at the same time.
Full duplex: The device can send and receive at the same time.","CCENT/CCNA ICND1 100-105 Official Certification Guide, First Edition",Wendell Odom,Chapter 2. Fundamentals of Ethernet LANs,https://www.safaribooksonline.com/library/view/ccentccna-icnd1-100-105/9780134440903/,https://www.safaribooksonline.com/library/view/ccentccna-icnd1-100-105/9780134440903/ch02.html,https://www.safaribooksonline.com/a/ccentccna-icnd1-100-105/21994463/,2019-01-22,9780134440903.jpg,,Ethernet
What's the EtherType value for IPv6?,0x86DD,"CCENT/CCNA ICND1 100-105 Official Certification Guide, First Edition",Wendell Odom,Chapter 2. Fundamentals of Ethernet LANs,https://www.safaribooksonline.com/library/view/ccentccna-icnd1-100-105/9780134440903/,https://www.safaribooksonline.com/library/view/ccentccna-icnd1-100-105/9780134440903/ch02.html,https://www.safaribooksonline.com/a/ccentccna-icnd1-100-105/21994431/,2019-01-22,9780134440903.jpg,02fig16.jpg,Ethernet IPv6
What's the EtherType value for IPv4?,0x0800,"CCENT/CCNA ICND1 100-105 Official Certification Guide, First Edition",Wendell Odom,Chapter 2. Fundamentals of Ethernet LANs,https://www.safaribooksonline.com/library/view/ccentccna-icnd1-100-105/9780134440903/,https://www.safaribooksonline.com/library/view/ccentccna-icnd1-100-105/9780134440903/ch02.html,https://www.safaribooksonline.com/a/ccentccna-icnd1-100-105/21994419/,2019-01-22,9780134440903.jpg,02fig16.jpg,Ethernet IPv4
What's the Ethernet broadcast address?,FFFF.FFFF.FFFF,"CCENT/CCNA ICND1 100-105 Official Certification Guide, First Edition",Wendell Odom,Chapter 2. Fundamentals of Ethernet LANs,https://www.safaribooksonline.com/library/view/ccentccna-icnd1-100-105/9780134440903/,https://www.safaribooksonline.com/library/view/ccentccna-icnd1-100-105/9780134440903/ch02.html,https://www.safaribooksonline.com/a/ccentccna-icnd1-100-105/21994392/,2019-01-22,9780134440903.jpg,,Ethernet
What's the first half of the Ethernet MAC address called?,organizationally unique identifier (OUI),"CCENT/CCNA ICND1 100-105 Official Certification Guide, First Edition",Wendell Odom,Chapter 2. Fundamentals of Ethernet LANs,https://www.safaribooksonline.com/library/view/ccentccna-icnd1-100-105/9780134440903/,https://www.safaribooksonline.com/library/view/ccentccna-icnd1-100-105/9780134440903/ch02.html,https://www.safaribooksonline.com/a/ccentccna-icnd1-100-105/21994384/,2019-01-22,9780134440903.jpg,02fig15.jpg,Ethernet
What's the size of an Ethernet MAC address?,6-byte-long (48-bit-long),"CCENT/CCNA ICND1 100-105 Official Certification Guide, First Edition",Wendell Odom,Chapter 2. Fundamentals of Ethernet LANs,https://www.safaribooksonline.com/library/view/ccentccna-icnd1-100-105/9780134440903/,https://www.safaribooksonline.com/library/view/ccentccna-icnd1-100-105/9780134440903/ch02.html,https://www.safaribooksonline.com/a/ccentccna-icnd1-100-105/21994364/,2019-01-22,9780134440903.jpg,,Ethernet
What are the fields of the Ethernet Type II header?,Commonly Used Ethernet Frame Format,"CCENT/CCNA ICND1 100-105 Official Certification Guide, First Edition",Wendell Odom,Chapter 2. Fundamentals of Ethernet LANs,https://www.safaribooksonline.com/library/view/ccentccna-icnd1-100-105/9780134440903/,https://www.safaribooksonline.com/library/view/ccentccna-icnd1-100-105/9780134440903/ch02.html,https://www.safaribooksonline.com/a/ccentccna-icnd1-100-105/21994354/,2019-01-22,9780134440903.jpg,02fig14.jpg,Ethernet
When should you use a straight-through cable?,If the endpoints transmit on different pin pairs,"CCENT/CCNA ICND1 100-105 Official Certification Guide, First Edition",Wendell Odom,Chapter 2. Fundamentals of Ethernet LANs,https://www.safaribooksonline.com/library/view/ccentccna-icnd1-100-105/9780134440903/,https://www.safaribooksonline.com/library/view/ccentccna-icnd1-100-105/9780134440903/ch02.html,https://www.safaribooksonline.com/a/ccentccna-icnd1-100-105/21994296/,2019-01-22,9780134440903.jpg,,Ethernet
When should you use a cross-over cable?,If the endpoints transmit on the same pin pair,"CCENT/CCNA ICND1 100-105 Official Certification Guide, First Edition",Wendell Odom,Chapter 2. Fundamentals of Ethernet LANs,https://www.safaribooksonline.com/library/view/ccentccna-icnd1-100-105/9780134440903/,https://www.safaribooksonline.com/library/view/ccentccna-icnd1-100-105/9780134440903/ch02.html,https://www.safaribooksonline.com/a/ccentccna-icnd1-100-105/21994292/,2019-01-22,9780134440903.jpg,,Ethernet
What are the swappable transceivers commonly used with Cisco switches called?,Small Form-factor Pluggable (SFP),"CCENT/CCNA ICND1 100-105 Official Certification Guide, First Edition",Wendell Odom,Chapter 2. Fundamentals of Ethernet LANs,https://www.safaribooksonline.com/library/view/ccentccna-icnd1-100-105/9780134440903/,https://www.safaribooksonline.com/library/view/ccentccna-icnd1-100-105/9780134440903/ch02.html,https://www.safaribooksonline.com/a/ccentccna-icnd1-100-105/21994251/,2019-01-22,9780134440903.jpg,,Ethernet
What's the most common type of connector used with UTP cables?,The RJ-45 connector,"CCENT/CCNA ICND1 100-105 Official Certification Guide, First Edition",Wendell Odom,Chapter 2. Fundamentals of Ethernet LANs,https://www.safaribooksonline.com/library/view/ccentccna-icnd1-100-105/9780134440903/,https://www.safaribooksonline.com/library/view/ccentccna-icnd1-100-105/9780134440903/ch02.html,https://www.safaribooksonline.com/a/ccentccna-icnd1-100-105/21993781/,2019-01-22,9780134440903.jpg,02fig07.jpg,Ethernet
What's the IEEE standard for Ethernet?,IEEE 802.3,"CCENT/CCNA ICND1 100-105 Official Certification Guide, First Edition",Wendell Odom,Chapter 2. Fundamentals of Ethernet LANs,https://www.safaribooksonline.com/library/view/ccentccna-icnd1-100-105/9780134440903/,https://www.safaribooksonline.com/library/view/ccentccna-icnd1-100-105/9780134440903/ch02.html,https://www.safaribooksonline.com/a/ccentccna-icnd1-100-105/21993743/,2019-01-22,9780134440903.jpg,,Ethernet
What's the main difference between a LAN and a WAN?,LANs typically connect nearby devices while in contrast WANs connect devices that are typically relatively far apart.,"CCENT/CCNA ICND1 100-105 Official Certification Guide, First Edition",Wendell Odom,Chapter 2. Fundamentals of Ethernet LANs,https://www.safaribooksonline.com/library/view/ccentccna-icnd1-100-105/9780134440903/,https://www.safaribooksonline.com/library/view/ccentccna-icnd1-100-105/9780134440903/ch02.html,https://www.safaribooksonline.com/a/ccentccna-icnd1-100-105/21993707/,2019-01-22,9780134440903.jpg,,Ethernet
What are the layers of the OSI model?,,"CCENT/CCNA ICND1 100-105 Official Certification Guide, First Edition",Wendell Odom,Chapter 1. Introduction to TCP/IP Networking,https://www.safaribooksonline.com/library/view/ccentccna-icnd1-100-105/9780134440903/,https://www.safaribooksonline.com/library/view/ccentccna-icnd1-100-105/9780134440903/ch01.html,https://www.safaribooksonline.com/a/ccentccna-icnd1-100-105/21992674/,2019-01-22,9780134440903.jpg,01fig15.jpg,TCP/IP
What's the unit of data encapsulated by Ethernet called?,A frame,"CCENT/CCNA ICND1 100-105 Official Certification Guide, First Edition",Wendell Odom,Chapter 1. Introduction to TCP/IP Networking,https://www.safaribooksonline.com/library/view/ccentccna-icnd1-100-105/9780134440903/,https://www.safaribooksonline.com/library/view/ccentccna-icnd1-100-105/9780134440903/ch01.html,https://www.safaribooksonline.com/a/ccentccna-icnd1-100-105/21992636/,2019-01-22,9780134440903.jpg,01fig14.jpg,TCP/IP Ethernet
What's the unit of data encapsulated by IP called?,A packet,"CCENT/CCNA ICND1 100-105 Official Certification Guide, First Edition",Wendell Odom,Chapter 1. Introduction to TCP/IP Networking,https://www.safaribooksonline.com/library/view/ccentccna-icnd1-100-105/9780134440903/,https://www.safaribooksonline.com/library/view/ccentccna-icnd1-100-105/9780134440903/ch01.html,https://www.safaribooksonline.com/a/ccentccna-icnd1-100-105/21992623/,2019-01-22,9780134440903.jpg,01fig14.jpg,TCP/IP
What's the unit of data encapsulated by TCP called?,A segment,"CCENT/CCNA ICND1 100-105 Official Certification Guide, First Edition",Wendell Odom,Chapter 1. Introduction to TCP/IP Networking,https://www.safaribooksonline.com/library/view/ccentccna-icnd1-100-105/9780134440903/,https://www.safaribooksonline.com/library/view/ccentccna-icnd1-100-105/9780134440903/ch01.html,https://www.safaribooksonline.com/a/ccentccna-icnd1-100-105/21992614/,2019-01-22,9780134440903.jpg,01fig14.jpg,TCP/IP
What is encapsulation?,The term encapsulation refers to the process of putting headers (and sometimes trailers) around some data.,"CCENT/CCNA ICND1 100-105 Official Certification Guide, First Edition",Wendell Odom,Chapter 1. Introduction to TCP/IP Networking,https://www.safaribooksonline.com/library/view/ccentccna-icnd1-100-105/9780134440903/,https://www.safaribooksonline.com/library/view/ccentccna-icnd1-100-105/9780134440903/ch01.html,https://www.safaribooksonline.com/a/ccentccna-icnd1-100-105/21992568/,2019-01-22,9780134440903.jpg,01fig13.jpg,TCP/IP
What are the two major versions of IP that are used today?,IP version 4 (IPv4) and IP version 6 (IPv6),"CCENT/CCNA ICND1 100-105 Official Certification Guide, First Edition",Wendell Odom,Chapter 1. Introduction to TCP/IP Networking,https://www.safaribooksonline.com/library/view/ccentccna-icnd1-100-105/9780134440903/,https://www.safaribooksonline.com/library/view/ccentccna-icnd1-100-105/9780134440903/ch01.html,https://www.safaribooksonline.com/a/ccentccna-icnd1-100-105/21992539/,2019-01-22,9780134440903.jpg,,TCP/IP
What's the process called when two adjacent layers in a networking architectural model work together?,Adjacent-layer interaction,"CCENT/CCNA ICND1 100-105 Official Certification Guide, First Edition",Wendell Odom,Chapter 1. Introduction to TCP/IP Networking,https://www.safaribooksonline.com/library/view/ccentccna-icnd1-100-105/9780134440903/,https://www.safaribooksonline.com/library/view/ccentccna-icnd1-100-105/9780134440903/ch01.html,https://www.safaribooksonline.com/a/ccentccna-icnd1-100-105/21992492/,2019-01-22,9780134440903.jpg,,TCP/IP
What is the communication between two devices at a specific layer of a networking model called?,Same-layer interaction,"CCENT/CCNA ICND1 100-105 Official Certification Guide, First Edition",Wendell Odom,Chapter 1. Introduction to TCP/IP Networking,https://www.safaribooksonline.com/library/view/ccentccna-icnd1-100-105/9780134440903/,https://www.safaribooksonline.com/library/view/ccentccna-icnd1-100-105/9780134440903/ch01.html,https://www.safaribooksonline.com/a/ccentccna-icnd1-100-105/21991814/,2019-01-22,9780134440903.jpg,,TCP/IP
What are the two most common transport layer protocols?,The Transmission Control Protocol (TCP) and the User Datagram Protocol (UDP),"CCENT/CCNA ICND1 100-105 Official Certification Guide, First Edition",Wendell Odom,Chapter 1. Introduction to TCP/IP Networking,https://www.safaribooksonline.com/library/view/ccentccna-icnd1-100-105/9780134440903/,https://www.safaribooksonline.com/library/view/ccentccna-icnd1-100-105/9780134440903/ch01.html,https://www.safaribooksonline.com/a/ccentccna-icnd1-100-105/21991568/,2019-01-22,9780134440903.jpg,,TCP/IP
