Book Title,Authors,Chapter Title,Date of Highlight,Book URL,Chapter URL,Highlight URL,Highlight,Personal Note
"CCIE Routing and Switching v5.0 Official Cert Guide, Volume 1, Fifth Edition",Wendell Odom...,Chapter 1. Ethernet Basics,2019-02-03,https://www.safaribooksonline.com/library/view/ccie-routing-and/9780133481617/,https://www.safaribooksonline.com/library/view/ccie-routing-and/9780133481617/ch01.html,https://www.safaribooksonline.com/a/ccie-routing-and/22572624/,SPAN (Switched Port Analyzer) - A method of collecting traffic received on a switch port or a VLAN and sending it to specific destination ports on the same switch.,What's SPAN? #SPAN Switching url:https://www.safaribooksonline.com/library/view/ccie-routing-and/9780133481617/graphics/01fig07.jpg
"CCIE Routing and Switching v5.0 Official Cert Guide, Volume 1, Fifth Edition",Wendell Odom...,Chapter 1. Ethernet Basics,2019-02-03,https://www.safaribooksonline.com/library/view/ccie-routing-and/9780133481617/,https://www.safaribooksonline.com/library/view/ccie-routing-and/9780133481617/ch01.html,https://www.safaribooksonline.com/a/ccie-routing-and/22572597/,"<b>The I/G bit</b>, which signifies whether the address represents an individual device or a group of devices",Which bit in the Ethernet MAC address is set for multicast frames? #Ethernet Multicast url:https://www.safaribooksonline.com/library/view/ccie-routing-and/9780133481617/graphics/01fig05.jpg
"CCIE Routing and Switching v5.0 Official Cert Guide, Volume 1, Fifth Edition",Wendell Odom...,Chapter 1. Ethernet Basics,2019-02-03,https://www.safaribooksonline.com/library/view/ccie-routing-and/9780133481617/,https://www.safaribooksonline.com/library/view/ccie-routing-and/9780133481617/ch01.html,https://www.safaribooksonline.com/a/ccie-routing-and/22572567/,Ethernet Framing Options,What are the different types of Ethernet frames? #Ethernet url:https://www.safaribooksonline.com/library/view/ccie-routing-and/9780133481617/graphics/01fig04.jpg
"CCIE Routing and Switching v5.0 Official Cert Guide, Volume 1, Fifth Edition",Wendell Odom...,Chapter 1. Ethernet Basics,2019-02-03,https://www.safaribooksonline.com/library/view/ccie-routing-and/9780133481617/,https://www.safaribooksonline.com/library/view/ccie-routing-and/9780133481617/ch01.html,https://www.safaribooksonline.com/a/ccie-routing-and/22572553/,That the interface is running in <b>half-duplex mode</b>. <br>Deferred means that it chose to wait before sending frames because it was currently receiving a frame.,What would increasing counts of deferred frames on an interface indicate? #Switching url:https://www.safaribooksonline.com/library/view/ccie-routing-and/9780133481617/graphics/01exp01b.jpg
"CCIE Routing and Switching v5.0 Official Cert Guide, Volume 1, Fifth Edition",Wendell Odom...,Chapter 1. Ethernet Basics,2019-02-03,https://www.safaribooksonline.com/library/view/ccie-routing-and/9780133481617/,https://www.safaribooksonline.com/library/view/ccie-routing-and/9780133481617/ch01.html,https://www.safaribooksonline.com/a/ccie-routing-and/22572513/,<b>T568A</b> and <b>T568B</b>,What are the different wiring standards for UTP cabling? #Cabling url:https://community.fs.com/blog/wp-content/uploads/2013/04/T568A-T568B-1.jpg
"The Illustrated Network, 2nd Edition",Walter Goralski,Chapter 1. Protocols and Layers,2019-02-02,https://www.safaribooksonline.com/library/view/the-illustrated-network/9780128110287/,https://www.safaribooksonline.com/library/view/the-illustrated-network/9780128110287/xhtml/chp001.xhtml,https://www.safaribooksonline.com/a/the-illustrated-network/22552475/,The data link layer,Which layer adds both a header and a trailer? #TCP/IP url:https://www.safaribooksonline.com/library/view/the-illustrated-network/9780128110287/images/F000011f01-13-9780128110270.jpg
"The Illustrated Network, 2nd Edition",Walter Goralski,Chapter 1. Protocols and Layers,2019-02-02,https://www.safaribooksonline.com/library/view/the-illustrated-network/9780128110287/,https://www.safaribooksonline.com/library/view/the-illustrated-network/9780128110287/xhtml/chp001.xhtml,https://www.safaribooksonline.com/a/the-illustrated-network/22552579/,The five layers of TCP/IP,What are the layers of the TCP/IP model? #TCP/IP url:https://www.safaribooksonline.com/library/view/the-illustrated-network/9780128110287/images/F000011f01-09-9780128110270.jpg
"The Illustrated Network, 2nd Edition",Walter Goralski,Chapter 1. Protocols and Layers,2019-02-02,https://www.safaribooksonline.com/library/view/the-illustrated-network/9780128110287/,https://www.safaribooksonline.com/library/view/the-illustrated-network/9780128110287/xhtml/chp001.xhtml,https://www.safaribooksonline.com/a/the-illustrated-network/22552502/,Process to process delivery is the task of <b>the transport layer</b>.,Which TCP/IP layer handles process to process delivery? #TCP/IP
"The Illustrated Network, 2nd Edition",Walter Goralski,Chapter 1. Protocols and Layers,2019-02-02,https://www.safaribooksonline.com/library/view/the-illustrated-network/9780128110287/,https://www.safaribooksonline.com/library/view/the-illustrated-network/9780128110287/xhtml/chp001.xhtml,https://www.safaribooksonline.com/a/the-illustrated-network/22552482/,"In a full mesh topology, all devices are directly connected and one hop away",What's a full mesh topology? #Design
"CCENT/CCNA ICND1 100-105 Official Certification Guide, First Edition",Wendell Odom,Chapter 9. Configuring Switch Interfaces,2019-02-02,https://www.safaribooksonline.com/library/view/ccentccna-icnd1-100-105/9780134440903/,https://www.safaribooksonline.com/library/view/ccentccna-icnd1-100-105/9780134440903/ch09.html,https://www.safaribooksonline.com/a/ccentccna-icnd1-100-105/22551477/,show mac address-table secure,How do you list MAC addresses associated with ports that use port security? #Switching Security url:https://www.safaribooksonline.com/library/view/ccentccna-icnd1-100-105/9780134440903/graphics/09ex09.jpg
"CCENT/CCNA ICND1 100-105 Official Certification Guide, First Edition",Wendell Odom,Chapter 9. Configuring Switch Interfaces,2019-02-02,https://www.safaribooksonline.com/library/view/ccentccna-icnd1-100-105/9780134440903/,https://www.safaribooksonline.com/library/view/ccentccna-icnd1-100-105/9780134440903/ch09.html,https://www.safaribooksonline.com/a/ccentccna-icnd1-100-105/22551436/,(config-if)# <b>switchport port-security violation {protect | restrict | shutdown}</b>,How do you modify the port-security violation? #Security Switching url:https://www.safaribooksonline.com/library/view/ccentccna-icnd1-100-105/9780134440903/graphics/09tab02.jpg
"CCENT/CCNA ICND1 100-105 Official Certification Guide, First Edition",Wendell Odom,Chapter 9. Configuring Switch Interfaces,2019-02-02,https://www.safaribooksonline.com/library/view/ccentccna-icnd1-100-105/9780134440903/,https://www.safaribooksonline.com/library/view/ccentccna-icnd1-100-105/9780134440903/ch09.html,https://www.safaribooksonline.com/a/ccentccna-icnd1-100-105/22551463/,<b>show port-security interface</b> <i>interface</i>,How do you verify port-security? #Switching Security url:https://www.safaribooksonline.com/library/view/ccentccna-icnd1-100-105/9780134440903/graphics/09ex08a.jpg
"CCENT/CCNA ICND1 100-105 Official Certification Guide, First Edition",Wendell Odom,Chapter 9. Configuring Switch Interfaces,2019-02-02,https://www.safaribooksonline.com/library/view/ccentccna-icnd1-100-105/9780134440903/,https://www.safaribooksonline.com/library/view/ccentccna-icnd1-100-105/9780134440903/ch09.html,https://www.safaribooksonline.com/a/ccentccna-icnd1-100-105/22551448/,(config-if)# <b>switchport port-security mac-address sticky</b>,"How do you enable ""sticky learning"" of MAC addresses when running port-security? #Switching Security"
"CCENT/CCNA ICND1 100-105 Official Certification Guide, First Edition",Wendell Odom,Chapter 9. Configuring Switch Interfaces,2019-02-02,https://www.safaribooksonline.com/library/view/ccentccna-icnd1-100-105/9780134440903/,https://www.safaribooksonline.com/library/view/ccentccna-icnd1-100-105/9780134440903/ch09.html,https://www.safaribooksonline.com/a/ccentccna-icnd1-100-105/22551440/,(config-if)# <b>switchport port-security mac-address</b> <i>mac-address</i>,How do you configure a static MAC address with port-security? #Switching Security
"CCENT/CCNA ICND1 100-105 Official Certification Guide, First Edition",Wendell Odom,Chapter 9. Configuring Switch Interfaces,2019-02-02,https://www.safaribooksonline.com/library/view/ccentccna-icnd1-100-105/9780134440903/,https://www.safaribooksonline.com/library/view/ccentccna-icnd1-100-105/9780134440903/ch09.html,https://www.safaribooksonline.com/a/ccentccna-icnd1-100-105/22551405/,Port security,Which switch feature can be used to only allow specific MAC addresses on a port? #Switching Security
"CCENT/CCNA ICND1 100-105 Official Certification Guide, First Edition",Wendell Odom,Chapter 9. Configuring Switch Interfaces,2019-02-02,https://www.safaribooksonline.com/library/view/ccentccna-icnd1-100-105/9780134440903/,https://www.safaribooksonline.com/library/view/ccentccna-icnd1-100-105/9780134440903/ch09.html,https://www.safaribooksonline.com/a/ccentccna-icnd1-100-105/22551425/,(config-if)# <b>switchport port-security</b>,Which command is used to enable port-security on an interface? #Switching Security
"CCENT/CCNA ICND1 100-105 Official Certification Guide, First Edition",Wendell Odom,Chapter 9. Configuring Switch Interfaces,2019-02-02,https://www.safaribooksonline.com/library/view/ccentccna-icnd1-100-105/9780134440903/,https://www.safaribooksonline.com/library/view/ccentccna-icnd1-100-105/9780134440903/ch09.html,https://www.safaribooksonline.com/a/ccentccna-icnd1-100-105/22551432/,shutdown,What's the default action taken upon a port-security violation? #Switching Security
"CCENT/CCNA ICND1 100-105 Official Certification Guide, First Edition",Wendell Odom,Chapter 9. Configuring Switch Interfaces,2019-02-02,https://www.safaribooksonline.com/library/view/ccentccna-icnd1-100-105/9780134440903/,https://www.safaribooksonline.com/library/view/ccentccna-icnd1-100-105/9780134440903/ch09.html,https://www.safaribooksonline.com/a/ccentccna-icnd1-100-105/22551388/,(config-if)# <b>speed auto</b><br>(config-if)# <b>duplex auto</b>,How do you enable IEEE autonegotiation on a switchport? #IOS url:https://www.safaribooksonline.com/library/view/ccentccna-icnd1-100-105/9780134440903/graphics/09fig02.jpg
"CCENT/CCNA ICND1 100-105 Official Certification Guide, First Edition",Wendell Odom,Chapter 9. Configuring Switch Interfaces,2019-02-02,https://www.safaribooksonline.com/library/view/ccentccna-icnd1-100-105/9780134440903/,https://www.safaribooksonline.com/library/view/ccentccna-icnd1-100-105/9780134440903/ch09.html,https://www.safaribooksonline.com/a/ccentccna-icnd1-100-105/22551323/,The <b>interface range</b> command,Which command could be used to configure multiple switchports at the same time? #IOS
"CCENT/CCNA ICND1 100-105 Official Certification Guide, First Edition",Wendell Odom,Chapter 9. Configuring Switch Interfaces,2019-02-02,https://www.safaribooksonline.com/library/view/ccentccna-icnd1-100-105/9780134440903/,https://www.safaribooksonline.com/library/view/ccentccna-icnd1-100-105/9780134440903/ch09.html,https://www.safaribooksonline.com/a/ccentccna-icnd1-100-105/22551293/,<b>shutdown</b> and <b>no shutdown</b>,Which commands are used to enable/disable an interface? #IOS
"CCENT/CCNA ICND1 100-105 Official Certification Guide, First Edition",Wendell Odom,Chapter 11. Implementing Ethernet Virtual LANs,2019-02-01,https://www.safaribooksonline.com/library/view/ccentccna-icnd1-100-105/9780134440903/,https://www.safaribooksonline.com/library/view/ccentccna-icnd1-100-105/9780134440903/ch11.html,https://www.safaribooksonline.com/a/ccentccna-icnd1-100-105/22516289/,1–1005,What's the standard/normal VLAN range? #VLAN
CCNP Self-Study CCNP Practical Studies: Switching,Justin Menga,2. VLAN Operations,2019-02-01,https://www.safaribooksonline.com/library/view/ccnp-self-study-ccnp/1587200600/,https://www.safaribooksonline.com/library/view/ccnp-self-study-ccnp/1587200600/ch02.html,https://www.safaribooksonline.com/a/ccnp-self-study-ccnp/22516177/,show vlan internal usage,How can you verify which VLANs are reserved internally? #VLAN 
"CCENT/CCNA ICND1 100-105 Official Certification Guide, First Edition",Wendell Odom,Chapter 11. Implementing Ethernet Virtual LANs,2019-02-01,https://www.safaribooksonline.com/library/view/ccentccna-icnd1-100-105/9780134440903/,https://www.safaribooksonline.com/library/view/ccentccna-icnd1-100-105/9780134440903/ch11.html,https://www.safaribooksonline.com/a/ccentccna-icnd1-100-105/22516113/,1006 to 4094,What's the extended VLAN range? #VLAN
"CCENT/CCNA ICND1 100-105 Official Certification Guide, First Edition",Wendell Odom,Chapter 11. Implementing Ethernet Virtual LANs,2019-02-01,https://www.safaribooksonline.com/library/view/ccentccna-icnd1-100-105/9780134440903/,https://www.safaribooksonline.com/library/view/ccentccna-icnd1-100-105/9780134440903/ch11.html,https://www.safaribooksonline.com/a/ccentccna-icnd1-100-105/22516091/,"802.1Q defines one special VLAN ID as the native VLAN (defaulting to use VLAN 1). By definition, 802.1Q simply does not add an header to frames in the native VLAN.",What's the native VLAN? #VLAN
"CCENT/CCNA ICND1 100-105 Official Certification Guide, First Edition",Wendell Odom,Chapter 11. Implementing Ethernet Virtual LANs,2019-02-01,https://www.safaribooksonline.com/library/view/ccentccna-icnd1-100-105/9780134440903/,https://www.safaribooksonline.com/library/view/ccentccna-icnd1-100-105/9780134440903/ch11.html,https://www.safaribooksonline.com/a/ccentccna-icnd1-100-105/22515969/,"<b>VLAN 1</b> cannot be deleted, but can be used. <b>VLANs 1002-1005</b> cannot be deleted and cannot be used",Which VLANs are reserved by default on a Cisco Catalyst switch? #IOS Switching VLAN
"CCENT/CCNA ICND1 100-105 Official Certification Guide, First Edition",Wendell Odom,Chapter 8. Configuring Basic Switch Management,2019-02-01,https://www.safaribooksonline.com/library/view/ccentccna-icnd1-100-105/9780134440903/,https://www.safaribooksonline.com/library/view/ccentccna-icnd1-100-105/9780134440903/ch08.html,https://www.safaribooksonline.com/a/ccentccna-icnd1-100-105/22513804/,(config)# <b>no ip domain-lookup</b>,Disable DNS lookups in IOS #IOS
"CCENT/CCNA ICND1 100-105 Official Certification Guide, First Edition",Wendell Odom,Chapter 8. Configuring Basic Switch Management,2019-02-01,https://www.safaribooksonline.com/library/view/ccentccna-icnd1-100-105/9780134440903/,https://www.safaribooksonline.com/library/view/ccentccna-icnd1-100-105/9780134440903/ch08.html,https://www.safaribooksonline.com/a/ccentccna-icnd1-100-105/22513719/,(config-line)# <b>transport input ssh</b>,How do you set SSH as the only allowed remote access protocol in IOS? #SSH Security IOS
"CCENT/CCNA ICND1 100-105 Official Certification Guide, First Edition",Wendell Odom,Chapter 8. Configuring Basic Switch Management,2019-02-01,https://www.safaribooksonline.com/library/view/ccentccna-icnd1-100-105/9780134440903/,https://www.safaribooksonline.com/library/view/ccentccna-icnd1-100-105/9780134440903/ch08.html,https://www.safaribooksonline.com/a/ccentccna-icnd1-100-105/22513679/,SW1(config)# <b>ip ssh version 2</b>,How do you configure SSH in IOS to support version 2 only? #IOS Security
"CCENT/CCNA ICND1 100-105 Official Certification Guide, First Edition",Wendell Odom,Chapter 8. Configuring Basic Switch Management,2019-02-01,https://www.safaribooksonline.com/library/view/ccentccna-icnd1-100-105/9780134440903/,https://www.safaribooksonline.com/library/view/ccentccna-icnd1-100-105/9780134440903/ch08.html,https://www.safaribooksonline.com/a/ccentccna-icnd1-100-105/22513651/,(config)# <b>crypto key generate rsa</b>,Which command is used to generate RSA key-pairs in IOS? #Security
"CCENT/CCNA ICND1 100-105 Official Certification Guide, First Edition",Wendell Odom,Chapter 8. Configuring Basic Switch Management,2019-02-01,https://www.safaribooksonline.com/library/view/ccentccna-icnd1-100-105/9780134440903/,https://www.safaribooksonline.com/library/view/ccentccna-icnd1-100-105/9780134440903/ch08.html,https://www.safaribooksonline.com/a/ccentccna-icnd1-100-105/22513628/,Either the RADIUS or TACACS+ protocol,Which protocols are supported for external user authentication in IOS? #Security url:https://www.safaribooksonline.com/library/view/ccentccna-icnd1-100-105/9780134440903/graphics/08fig04.jpg
"CCENT/CCNA ICND1 100-105 Official Certification Guide, First Edition",Wendell Odom,Chapter 8. Configuring Basic Switch Management,2019-02-01,https://www.safaribooksonline.com/library/view/ccentccna-icnd1-100-105/9780134440903/,https://www.safaribooksonline.com/library/view/ccentccna-icnd1-100-105/9780134440903/ch08.html,https://www.safaribooksonline.com/a/ccentccna-icnd1-100-105/22513596/,"Authentication, Authorization, and Accounting",What does AAA stand for? #Security
"CCENT/CCNA ICND1 100-105 Official Certification Guide, First Edition",Wendell Odom,Chapter 8. Configuring Basic Switch Management,2019-02-01,https://www.safaribooksonline.com/library/view/ccentccna-icnd1-100-105/9780134440903/,https://www.safaribooksonline.com/library/view/ccentccna-icnd1-100-105/9780134440903/ch08.html,https://www.safaribooksonline.com/a/ccentccna-icnd1-100-105/22513585/,(config)# <b>username</b> <i>name</i> <b>secret</b> <i>password</i>,How do you create a local user? #IOS url:https://www.safaribooksonline.com/library/view/ccentccna-icnd1-100-105/9780134440903/graphics/08fig03.jpg
"CCENT/CCNA ICND1 100-105 Official Certification Guide, First Edition",Wendell Odom,Chapter 7. Analyzing Ethernet LAN Switching,2019-01-31,https://www.safaribooksonline.com/library/view/ccentccna-icnd1-100-105/9780134440903/,https://www.safaribooksonline.com/library/view/ccentccna-icnd1-100-105/9780134440903/ch07.html,https://www.safaribooksonline.com/a/ccentccna-icnd1-100-105/22485764/,# <b>clear mac address-table dynamic</b>,How do you remove all dynamic MAC address entries on a switch? #Switching
"CCENT/CCNA ICND1 100-105 Official Certification Guide, First Edition",Wendell Odom,Chapter 7. Analyzing Ethernet LAN Switching,2019-01-31,https://www.safaribooksonline.com/library/view/ccentccna-icnd1-100-105/9780134440903/,https://www.safaribooksonline.com/library/view/ccentccna-icnd1-100-105/9780134440903/ch07.html,https://www.safaribooksonline.com/a/ccentccna-icnd1-100-105/22485726/,<b>300 seconds</b>,What's the default MAC address aging timer on Cisco switches? #Switching url:https://www.safaribooksonline.com/library/view/ccentccna-icnd1-100-105/9780134440903/graphics/07ex07.jpg
"CCENT/CCNA ICND1 100-105 Official Certification Guide, First Edition",Wendell Odom,Chapter 7. Analyzing Ethernet LAN Switching,2019-01-31,https://www.safaribooksonline.com/library/view/ccentccna-icnd1-100-105/9780134440903/,https://www.safaribooksonline.com/library/view/ccentccna-icnd1-100-105/9780134440903/ch07.html,https://www.safaribooksonline.com/a/ccentccna-icnd1-100-105/22485644/,show mac address-table,What command is used to verify the MAC address table of a switch? #Switching url:https://www.safaribooksonline.com/library/view/ccentccna-icnd1-100-105/9780134440903/graphics/07ex01.jpg
"CCENT/CCNA ICND1 100-105 Official Certification Guide, First Edition",Wendell Odom,Chapter 7. Analyzing Ethernet LAN Switching,2019-01-31,https://www.safaribooksonline.com/library/view/ccentccna-icnd1-100-105/9780134440903/,https://www.safaribooksonline.com/library/view/ccentccna-icnd1-100-105/9780134440903/ch07.html,https://www.safaribooksonline.com/a/ccentccna-icnd1-100-105/22485597/,Spanning Tree Protocol (STP),Which protocol is used by default on switches to build loop-free layer 2 topologies? #STP Switching
"CCENT/CCNA ICND1 100-105 Official Certification Guide, First Edition",Wendell Odom,Chapter 7. Analyzing Ethernet LAN Switching,2019-01-31,https://www.safaribooksonline.com/library/view/ccentccna-icnd1-100-105/9780134440903/,https://www.safaribooksonline.com/library/view/ccentccna-icnd1-100-105/9780134440903/ch07.html,https://www.safaribooksonline.com/a/ccentccna-icnd1-100-105/22485574/,"Switches flood unknown unicast frames. Flooding means that the switch forwards copies of the frame out all ports, except the port on which the frame was received.",How does switches handle frames with an unknown destination MAC address? #Switching url:https://www.safaribooksonline.com/library/view/ccentccna-icnd1-100-105/9780134440903/graphics/07fig07.jpg
"CCENT/CCNA ICND1 100-105 Official Certification Guide, First Edition",Wendell Odom,Chapter 7. Analyzing Ethernet LAN Switching,2019-01-31,https://www.safaribooksonline.com/library/view/ccentccna-icnd1-100-105/9780134440903/,https://www.safaribooksonline.com/library/view/ccentccna-icnd1-100-105/9780134440903/ch07.html,https://www.safaribooksonline.com/a/ccentccna-icnd1-100-105/22485534/,Switches build the address table by listening to incoming frames and examining the <i>source MAC address</i> in the frame.,How does a switch build its MAC address table? #Switching
"CCENT/CCNA ICND1 100-105 Official Certification Guide, First Edition",Wendell Odom,Chapter 7. Analyzing Ethernet LAN Switching,2019-01-31,https://www.safaribooksonline.com/library/view/ccentccna-icnd1-100-105/9780134440903/,https://www.safaribooksonline.com/library/view/ccentccna-icnd1-100-105/9780134440903/ch07.html,https://www.safaribooksonline.com/a/ccentccna-icnd1-100-105/22485492/,"A switch’s MAC address table is also called the <i>switching table</i>, or <i>bridging table</i>, or even the <i>Content-Addressable Memory (CAM) table</i>",Give examples of other names for the switch's MAC address table #Switching
"The Illustrated Network, 2nd Edition",Walter Goralski,Chapter 1. Protocols and Layers,2019-01-31,https://www.safaribooksonline.com/library/view/the-illustrated-network/9780128110287/,https://www.safaribooksonline.com/library/view/the-illustrated-network/9780128110287/xhtml/chp001.xhtml,https://www.safaribooksonline.com/a/the-illustrated-network/22483564/,The Internet Engineering Task Force (IETF),Which organization is responsible for the development of Internet Standards? #TCP/IP url:https://www.safaribooksonline.com/library/view/the-illustrated-network/9780128110287/images/F000011f01-05-9780128110270.jpg
"The Illustrated Network, 2nd Edition",Walter Goralski,Chapter 1. Protocols and Layers,2019-01-31,https://www.safaribooksonline.com/library/view/the-illustrated-network/9780128110287/,https://www.safaribooksonline.com/library/view/the-illustrated-network/9780128110287/xhtml/chp001.xhtml,https://www.safaribooksonline.com/a/the-illustrated-network/22483393/,Standards that have not been formally approved but are widely followed fall into this category.,What's a <i>De facto</i> standard? #TCP/IP
"The Illustrated Network, 2nd Edition",Walter Goralski,Chapter 1. Protocols and Layers,2019-01-31,https://www.safaribooksonline.com/library/view/the-illustrated-network/9780128110287/,https://www.safaribooksonline.com/library/view/the-illustrated-network/9780128110287/xhtml/chp001.xhtml,https://www.safaribooksonline.com/a/the-illustrated-network/22483379/,These standards have been approved by an officially recognized body whose job is to standardize protocols and other aspects of networking.,What's a <i>De jure</> standard? #TCP/IP
"CCENT/CCNA ICND1 100-105 Official Certification Guide, First Edition",Wendell Odom,Chapter 6. Using the Command-Line Interface,2019-01-30,https://www.safaribooksonline.com/library/view/ccentccna-icnd1-100-105/9780134440903/,https://www.safaribooksonline.com/library/view/ccentccna-icnd1-100-105/9780134440903/ch06.html,https://www.safaribooksonline.com/a/ccentccna-icnd1-100-105/22446023/,"SSH encrypts all data exchange, including login passwords; Telnet encrypts nothing.",Why is SSH preferred over Telnet? #SSH 
"CCENT/CCNA ICND1 100-105 Official Certification Guide, First Edition",Wendell Odom,Chapter 6. Using the Command-Line Interface,2019-01-30,https://www.safaribooksonline.com/library/view/ccentccna-icnd1-100-105/9780134440903/,https://www.safaribooksonline.com/library/view/ccentccna-icnd1-100-105/9780134440903/ch06.html,https://www.safaribooksonline.com/a/ccentccna-icnd1-100-105/22445983/,"To do that, you can erase the startup-config file using three different commands:<br><b> write erase<br> erase startup-config<br> erase nvram:</b>",How do you delete the startup configuration? #IOS
"CCENT/CCNA ICND1 100-105 Official Certification Guide, First Edition",Wendell Odom,Chapter 6. Using the Command-Line Interface,2019-01-30,https://www.safaribooksonline.com/library/view/ccentccna-icnd1-100-105/9780134440903/,https://www.safaribooksonline.com/library/view/ccentccna-icnd1-100-105/9780134440903/ch06.html,https://www.safaribooksonline.com/a/ccentccna-icnd1-100-105/22445949/,copy running-config startup-config,How do you save the running configuration? #IOS
"CCENT/CCNA ICND1 100-105 Official Certification Guide, First Edition",Wendell Odom,Chapter 6. Using the Command-Line Interface,2019-01-30,https://www.safaribooksonline.com/library/view/ccentccna-icnd1-100-105/9780134440903/,https://www.safaribooksonline.com/library/view/ccentccna-icnd1-100-105/9780134440903/ch06.html,https://www.safaribooksonline.com/a/ccentccna-icnd1-100-105/22445927/,Two Main Cisco IOS Configuration Files,What's the difference between <b>running-config</b> and <b>startup-config</b>? #IOS url:https://www.safaribooksonline.com/library/view/ccentccna-icnd1-100-105/9780134440903/graphics/06tab05.jpg
"CCENT/CCNA ICND1 100-105 Official Certification Guide, First Edition",Wendell Odom,Chapter 6. Using the Command-Line Interface,2019-01-30,https://www.safaribooksonline.com/library/view/ccentccna-icnd1-100-105/9780134440903/,https://www.safaribooksonline.com/library/view/ccentccna-icnd1-100-105/9780134440903/ch06.html,https://www.safaribooksonline.com/a/ccentccna-icnd1-100-105/22445897/,Cisco Switch Memory Types,What are the different memory types on a Cisco IOS device? #Cisco IOS url:https://www.safaribooksonline.com/library/view/ccentccna-icnd1-100-105/9780134440903/graphics/06fig09.jpg
"CCENT/CCNA ICND1 100-105 Official Certification Guide, First Edition",Wendell Odom,Chapter 6. Using the Command-Line Interface,2019-01-30,https://www.safaribooksonline.com/library/view/ccentccna-icnd1-100-105/9780134440903/,https://www.safaribooksonline.com/library/view/ccentccna-icnd1-100-105/9780134440903/ch06.html,https://www.safaribooksonline.com/a/ccentccna-icnd1-100-105/22445876/,Switch# <b>configure terminal</b>,How do you move from enable mode to global configuration mode? #IOS
"CCENT/CCNA ICND1 100-105 Official Certification Guide, First Edition",Wendell Odom,Chapter 6. Using the Command-Line Interface,2019-01-30,https://www.safaribooksonline.com/library/view/ccentccna-icnd1-100-105/9780134440903/,https://www.safaribooksonline.com/library/view/ccentccna-icnd1-100-105/9780134440903/ch06.html,https://www.safaribooksonline.com/a/ccentccna-icnd1-100-105/22445839/,<b>line console 0<br>  login<br>  password</b> <i>password</i>,How do you enable simple password checking on the console port? #IOS
"CCENT/CCNA ICND1 100-105 Official Certification Guide, First Edition",Wendell Odom,Chapter 6. Using the Command-Line Interface,2019-01-30,https://www.safaribooksonline.com/library/view/ccentccna-icnd1-100-105/9780134440903/,https://www.safaribooksonline.com/library/view/ccentccna-icnd1-100-105/9780134440903/ch06.html,https://www.safaribooksonline.com/a/ccentccna-icnd1-100-105/22445783/,<b>show running-config</b>,How do you verify the active configuration on Cisco device? #IOS url:https://www.safaribooksonline.com/library/view/ccentccna-icnd1-100-105/9780134440903/graphics/06ex02.jpg
"CCENT/CCNA ICND1 100-105 Official Certification Guide, First Edition",Wendell Odom,Chapter 6. Using the Command-Line Interface,2019-01-30,https://www.safaribooksonline.com/library/view/ccentccna-icnd1-100-105/9780134440903/,https://www.safaribooksonline.com/library/view/ccentccna-icnd1-100-105/9780134440903/ch06.html,https://www.safaribooksonline.com/a/ccentccna-icnd1-100-105/22445750/,<b>enable secret</b> <i>password</i>,How do you password protect enable mode? #IOS
"CCENT/CCNA ICND1 100-105 Official Certification Guide, First Edition",Wendell Odom,Chapter 6. Using the Command-Line Interface,2019-01-30,https://www.safaribooksonline.com/library/view/ccentccna-icnd1-100-105/9780134440903/,https://www.safaribooksonline.com/library/view/ccentccna-icnd1-100-105/9780134440903/ch06.html,https://www.safaribooksonline.com/a/ccentccna-icnd1-100-105/22445724/,"If the command prompt lists the hostname followed by a >, the user is in user mode; if it is the hostname followed by the #, the user is in enable mode.",How do you know if you are in user mode or privileged mode? #Cisco
"CCENT/CCNA ICND1 100-105 Official Certification Guide, First Edition",Wendell Odom,Chapter 6. Using the Command-Line Interface,2019-01-30,https://www.safaribooksonline.com/library/view/ccentccna-icnd1-100-105/9780134440903/,https://www.safaribooksonline.com/library/view/ccentccna-icnd1-100-105/9780134440903/ch06.html,https://www.safaribooksonline.com/a/ccentccna-icnd1-100-105/22445712/,With the <b>enable</b> command,How do you move from <b>user mode</b> to <b>privileged mode</b>? #IOS url:https://www.safaribooksonline.com/library/view/ccentccna-icnd1-100-105/9780134440903/graphics/06fig06.jpg
"CCENT/CCNA ICND1 100-105 Official Certification Guide, First Edition",Wendell Odom,Chapter 6. Using the Command-Line Interface,2019-01-30,https://www.safaribooksonline.com/library/view/ccentccna-icnd1-100-105/9780134440903/,https://www.safaribooksonline.com/library/view/ccentccna-icnd1-100-105/9780134440903/ch06.html,https://www.safaribooksonline.com/a/ccentccna-icnd1-100-105/22445664/,9600 bits/second<br>No hardware flow control<br>8-bit ASCII<br>No parity bits<br>1 stop bit,What serial port settings to do you need to set when connecting to the console port of a Cisco device? #Cisco url:https://www.safaribooksonline.com/library/view/ccentccna-icnd1-100-105/9780134440903/graphics/06fig05.jpg
"CCENT/CCNA ICND1 100-105 Official Certification Guide, First Edition",Wendell Odom,Chapter 5. Fundamentals of TCP/IP Transport and Applications,2019-01-27,https://www.safaribooksonline.com/library/view/ccentccna-icnd1-100-105/9780134440903/,https://www.safaribooksonline.com/library/view/ccentccna-icnd1-100-105/9780134440903/ch05.html,https://www.safaribooksonline.com/a/ccentccna-icnd1-100-105/22357508/,The receiver can slide the window size up and down,What does it mean that TCP uses sliding window? #TCP url:https://www.safaribooksonline.com/library/view/ccentccna-icnd1-100-105/9780134440903/graphics/05fig09.jpg
"CCENT/CCNA ICND1 100-105 Official Certification Guide, First Edition",Wendell Odom,Chapter 5. Fundamentals of TCP/IP Transport and Applications,2019-01-27,https://www.safaribooksonline.com/library/view/ccentccna-icnd1-100-105/9780134440903/,https://www.safaribooksonline.com/library/view/ccentccna-icnd1-100-105/9780134440903/ch05.html,https://www.safaribooksonline.com/a/ccentccna-icnd1-100-105/22357490/,<b>17</b>,What's the IP protocol number for UDP? #UDP
"CCENT/CCNA ICND1 100-105 Official Certification Guide, First Edition",Wendell Odom,Chapter 5. Fundamentals of TCP/IP Transport and Applications,2019-01-27,https://www.safaribooksonline.com/library/view/ccentccna-icnd1-100-105/9780134440903/,https://www.safaribooksonline.com/library/view/ccentccna-icnd1-100-105/9780134440903/ch05.html,https://www.safaribooksonline.com/a/ccentccna-icnd1-100-105/22357480/,<b>6</b>,What's the IP protocol number for TCP? #TCP url:https://www.safaribooksonline.com/library/view/ccentccna-icnd1-100-105/9780134440903/graphics/05fig15.jpg
"CCENT/CCNA ICND1 100-105 Official Certification Guide, First Edition",Wendell Odom,Chapter 5. Fundamentals of TCP/IP Transport and Applications,2019-01-27,https://www.safaribooksonline.com/library/view/ccentccna-icnd1-100-105/9780134440903/,https://www.safaribooksonline.com/library/view/ccentccna-icnd1-100-105/9780134440903/ch05.html,https://www.safaribooksonline.com/a/ccentccna-icnd1-100-105/22357452/,Uniform Resource Identifier (URI),URI #HTTP url:https://www.safaribooksonline.com/library/view/ccentccna-icnd1-100-105/9780134440903/graphics/05fig11.jpg
"CCENT/CCNA ICND1 100-105 Official Certification Guide, First Edition",Wendell Odom,Chapter 5. Fundamentals of TCP/IP Transport and Applications,2019-01-27,https://www.safaribooksonline.com/library/view/ccentccna-icnd1-100-105/9780134440903/,https://www.safaribooksonline.com/library/view/ccentccna-icnd1-100-105/9780134440903/ch05.html,https://www.safaribooksonline.com/a/ccentccna-icnd1-100-105/22357441/,The UDP Header,What are the fields in the UDP header? #UDP url:https://www.safaribooksonline.com/library/view/ccentccna-icnd1-100-105/9780134440903/graphics/05fig10.jpg
"CCENT/CCNA ICND1 100-105 Official Certification Guide, First Edition",Wendell Odom,Chapter 5. Fundamentals of TCP/IP Transport and Applications,2019-01-27,https://www.safaribooksonline.com/library/view/ccentccna-icnd1-100-105/9780134440903/,https://www.safaribooksonline.com/library/view/ccentccna-icnd1-100-105/9780134440903/ch05.html,https://www.safaribooksonline.com/a/ccentccna-icnd1-100-105/22357425/,The window field,Which field in the TCP header is used for flow control? #TCP url:https://www.safaribooksonline.com/library/view/ccentccna-icnd1-100-105/9780134440903/graphics/05fig09.jpg
"CCENT/CCNA ICND1 100-105 Official Certification Guide, First Edition",Wendell Odom,Glossary,2019-01-27,https://www.safaribooksonline.com/library/view/ccentccna-icnd1-100-105/9780134440903/,https://www.safaribooksonline.com/library/view/ccentccna-icnd1-100-105/9780134440903/gloss01.html,https://www.safaribooksonline.com/a/ccentccna-icnd1-100-105/22357407/,"The number that acknowledges data lists the next data that should be sent, not the last data that was successfully received",What does it mean that TCP uses forward acknowledgement? #TCP url:https://www.safaribooksonline.com/library/view/ccentccna-icnd1-100-105/9780134440903/graphics/05fig07.jpg
"CCENT/CCNA ICND1 100-105 Official Certification Guide, First Edition",Wendell Odom,Chapter 5. Fundamentals of TCP/IP Transport and Applications,2019-01-27,https://www.safaribooksonline.com/library/view/ccentccna-icnd1-100-105/9780134440903/,https://www.safaribooksonline.com/library/view/ccentccna-icnd1-100-105/9780134440903/ch05.html,https://www.safaribooksonline.com/a/ccentccna-icnd1-100-105/22357376/,The Sequence and Acknowledgment number fields,Which fields in the TCP header are used for reliability? #TCP url:https://www.safaribooksonline.com/library/view/ccentccna-icnd1-100-105/9780134440903/graphics/05fig07.jpg
"CCENT/CCNA ICND1 100-105 Official Certification Guide, First Edition",Wendell Odom,Chapter 5. Fundamentals of TCP/IP Transport and Applications,2019-01-27,https://www.safaribooksonline.com/library/view/ccentccna-icnd1-100-105/9780134440903/,https://www.safaribooksonline.com/library/view/ccentccna-icnd1-100-105/9780134440903/ch05.html,https://www.safaribooksonline.com/a/ccentccna-icnd1-100-105/22356398/,A protocol that does not require an exchange of messages and that does not require a pre-established correlation between two endpoints.,What's a connectionless protocol? #UDP IP
"CCENT/CCNA ICND1 100-105 Official Certification Guide, First Edition",Wendell Odom,Chapter 5. Fundamentals of TCP/IP Transport and Applications,2019-01-27,https://www.safaribooksonline.com/library/view/ccentccna-icnd1-100-105/9780134440903/,https://www.safaribooksonline.com/library/view/ccentccna-icnd1-100-105/9780134440903/ch05.html,https://www.safaribooksonline.com/a/ccentccna-icnd1-100-105/22356394/,"A protocol that requires an exchange of messages before data transfer begins, or that has a required pre-established correlation between two endpoints.",What's a connection-oriented protocol? #TCP
"CCENT/CCNA ICND1 100-105 Official Certification Guide, First Edition",Wendell Odom,Chapter 5. Fundamentals of TCP/IP Transport and Applications,2019-01-27,https://www.safaribooksonline.com/library/view/ccentccna-icnd1-100-105/9780134440903/,https://www.safaribooksonline.com/library/view/ccentccna-icnd1-100-105/9780134440903/ch05.html,https://www.safaribooksonline.com/a/ccentccna-icnd1-100-105/22356391/,With the TCP connection termination (FIN bit),How is a TCP session terminated? #TCP url:https://www.safaribooksonline.com/library/view/ccentccna-icnd1-100-105/9780134440903/graphics/05fig06.jpg
"CCENT/CCNA ICND1 100-105 Official Certification Guide, First Edition",Wendell Odom,Chapter 5. Fundamentals of TCP/IP Transport and Applications,2019-01-27,https://www.safaribooksonline.com/library/view/ccentccna-icnd1-100-105/9780134440903/,https://www.safaribooksonline.com/library/view/ccentccna-icnd1-100-105/9780134440903/ch05.html,https://www.safaribooksonline.com/a/ccentccna-icnd1-100-105/22356359/,"Using the three-way handshake (SYN, SYN/ACK, ACK)",How is a TCP session established? #TCP url:https://www.safaribooksonline.com/library/view/ccentccna-icnd1-100-105/9780134440903/graphics/05fig05.jpg
"CCENT/CCNA ICND1 100-105 Official Certification Guide, First Edition",Wendell Odom,Chapter 5. Fundamentals of TCP/IP Transport and Applications,2019-01-27,https://www.safaribooksonline.com/library/view/ccentccna-icnd1-100-105/9780134440903/,https://www.safaribooksonline.com/library/view/ccentccna-icnd1-100-105/9780134440903/ch05.html,https://www.safaribooksonline.com/a/ccentccna-icnd1-100-105/22356339/,Ports below 1024 are reserved for well-known applications (0 to 1023),Which port numbers are reserved? #TCP UDP
"CCENT/CCNA ICND1 100-105 Official Certification Guide, First Edition",Wendell Odom,Chapter 5. Fundamentals of TCP/IP Transport and Applications,2019-01-27,https://www.safaribooksonline.com/library/view/ccentccna-icnd1-100-105/9780134440903/,https://www.safaribooksonline.com/library/view/ccentccna-icnd1-100-105/9780134440903/ch05.html,https://www.safaribooksonline.com/a/ccentccna-icnd1-100-105/22356307/,An IP address<br>A transport protocol<br>A port number,What does a socket consist of? #TCP UDP url:https://www.safaribooksonline.com/library/view/ccentccna-icnd1-100-105/9780134440903/graphics/05fig04.jpg
"CCENT/CCNA ICND1 100-105 Official Certification Guide, First Edition",Wendell Odom,Chapter 5. Fundamentals of TCP/IP Transport and Applications,2019-01-27,https://www.safaribooksonline.com/library/view/ccentccna-icnd1-100-105/9780134440903/,https://www.safaribooksonline.com/library/view/ccentccna-icnd1-100-105/9780134440903/ch05.html,https://www.safaribooksonline.com/a/ccentccna-icnd1-100-105/22356289/,By using a port number field in the TCP or UDP header,How is multiplexing achieved with TCP and UDP? #TCP UDP url:https://www.safaribooksonline.com/library/view/ccentccna-icnd1-100-105/9780134440903/graphics/05fig03.jpg
"CCENT/CCNA ICND1 100-105 Official Certification Guide, First Edition",Wendell Odom,Chapter 5. Fundamentals of TCP/IP Transport and Applications,2019-01-27,https://www.safaribooksonline.com/library/view/ccentccna-icnd1-100-105/9780134440903/,https://www.safaribooksonline.com/library/view/ccentccna-icnd1-100-105/9780134440903/ch05.html,https://www.safaribooksonline.com/a/ccentccna-icnd1-100-105/22356277/,Request For Comments (RFC) 793,TCP is defined in which RFC? #TCP
"CCENT/CCNA ICND1 100-105 Official Certification Guide, First Edition",Wendell Odom,Chapter 4. Fundamentals of IPv4 Addressing and Routing,2019-01-26,https://www.safaribooksonline.com/library/view/ccentccna-icnd1-100-105/9780134440903/,https://www.safaribooksonline.com/library/view/ccentccna-icnd1-100-105/9780134440903/ch04.html,https://www.safaribooksonline.com/a/ccentccna-icnd1-100-105/22334636/,Internet Control Message Protocol (ICMP),What protocol is used by the <b>ping</b> command? #IP url:https://www.safaribooksonline.com/library/view/ccentccna-icnd1-100-105/9780134440903/graphics/04fig15.jpg
"CCENT/CCNA ICND1 100-105 Official Certification Guide, First Edition",Wendell Odom,Chapter 4. Fundamentals of IPv4 Addressing and Routing,2019-01-26,https://www.safaribooksonline.com/library/view/ccentccna-icnd1-100-105/9780134440903/,https://www.safaribooksonline.com/library/view/ccentccna-icnd1-100-105/9780134440903/ch04.html,https://www.safaribooksonline.com/a/ccentccna-icnd1-100-105/22334632/,Address Resolution Protocol (ARP),What protocol is used to map an IPv4 address to a MAC address? #IPv4 url:https://www.safaribooksonline.com/library/view/ccentccna-icnd1-100-105/9780134440903/graphics/04fig14.jpg
"CCENT/CCNA ICND1 100-105 Official Certification Guide, First Edition",Wendell Odom,Chapter 4. Fundamentals of IPv4 Addressing and Routing,2019-01-26,https://www.safaribooksonline.com/library/view/ccentccna-icnd1-100-105/9780134440903/,https://www.safaribooksonline.com/library/view/ccentccna-icnd1-100-105/9780134440903/ch04.html,https://www.safaribooksonline.com/a/ccentccna-icnd1-100-105/22334628/,Domain Name System (DNS),What protocol is used to dynamically map a hostname to an IP address? #IP
"CCENT/CCNA ICND1 100-105 Official Certification Guide, First Edition",Wendell Odom,Chapter 4. Fundamentals of IPv4 Addressing and Routing,2019-01-26,https://www.safaribooksonline.com/library/view/ccentccna-icnd1-100-105/9780134440903/,https://www.safaribooksonline.com/library/view/ccentccna-icnd1-100-105/9780134440903/ch04.html,https://www.safaribooksonline.com/a/ccentccna-icnd1-100-105/22334613/,Division of the Entire IPv4 Address Space by Class,What are the different IPv4 address classes? #IPv4 url:https://www.safaribooksonline.com/library/view/ccentccna-icnd1-100-105/9780134440903/graphics/04fig06.jpg
"CCENT/CCNA ICND1 100-105 Official Certification Guide, First Edition",Wendell Odom,Chapter 4. Fundamentals of IPv4 Addressing and Routing,2019-01-26,https://www.safaribooksonline.com/library/view/ccentccna-icnd1-100-105/9780134440903/,https://www.safaribooksonline.com/library/view/ccentccna-icnd1-100-105/9780134440903/ch04.html,https://www.safaribooksonline.com/a/ccentccna-icnd1-100-105/22334606/,Dotted-Decimal Notation (DDN),IPv4 address are usually written in what format? #IPv4
"CCENT/CCNA ICND1 100-105 Official Certification Guide, First Edition",Wendell Odom,Chapter 4. Fundamentals of IPv4 Addressing and Routing,2019-01-26,https://www.safaribooksonline.com/library/view/ccentccna-icnd1-100-105/9780134440903/,https://www.safaribooksonline.com/library/view/ccentccna-icnd1-100-105/9780134440903/ch04.html,https://www.safaribooksonline.com/a/ccentccna-icnd1-100-105/22334599/,32-bit,What's the size of an IPv4 address? #IPv4
"CCENT/CCNA ICND1 100-105 Official Certification Guide, First Edition",Wendell Odom,Chapter 3. Fundamentals of WANs,2019-01-24,https://www.safaribooksonline.com/library/view/ccentccna-icnd1-100-105/9780134440903/,https://www.safaribooksonline.com/library/view/ccentccna-icnd1-100-105/9780134440903/ch03.html,https://www.safaribooksonline.com/a/ccentccna-icnd1-100-105/22073913/,"Cable Internet takes full advantage of existing cabling, using the existing cable TV (CATV) cable to connect to the ISP",How does Cable Internet work? #WAN url:https://www.safaribooksonline.com/library/view/cccentccna-icnd1-100-105/9780134440903/graphics/03fig17.jpg
"CCENT/CCNA ICND1 100-105 Official Certification Guide, First Edition",Wendell Odom,Chapter 3. Fundamentals of WANs,2019-01-24,https://www.safaribooksonline.com/library/view/ccentccna-icnd1-100-105/9780134440903/,https://www.safaribooksonline.com/library/view/ccentccna-icnd1-100-105/9780134440903/ch03.html,https://www.safaribooksonline.com/a/ccentccna-icnd1-100-105/22073826/,Digital subscriber line (DSL) creates a relatively short high-speed WAN link between a customer and an ISP using the telephone line.,How does DSL work? #WAN url:https://www.safaribooksonline.com/library/view/cccentccna-icnd1-100-105/9780134440903/graphics/03fig16.jpg
"CCENT/CCNA ICND1 100-105 Official Certification Guide, First Edition",Wendell Odom,Chapter 3. Fundamentals of WANs,2019-01-24,https://www.safaribooksonline.com/library/view/ccentccna-icnd1-100-105/9780134440903/,https://www.safaribooksonline.com/library/view/ccentccna-icnd1-100-105/9780134440903/ch03.html,https://www.safaribooksonline.com/a/ccentccna-icnd1-100-105/22073701/,ISO standard HDLC does not have a Type field,What's the main difference between the ISO standard HDLC frame and Cisco HDLC? #WAN url:https://www.safaribooksonline.com/library/view/cccentccna-icnd1-100-105/9780134440903/graphics/03fig06.jpg
"CCENT/CCNA ICND1 100-105 Official Certification Guide, First Edition",Wendell Odom,Chapter 3. Fundamentals of WANs,2019-01-24,https://www.safaribooksonline.com/library/view/ccentccna-icnd1-100-105/9780134440903/,https://www.safaribooksonline.com/library/view/ccentccna-icnd1-100-105/9780134440903/ch03.html,https://www.safaribooksonline.com/a/ccentccna-icnd1-100-105/22073676/,1.544 Mbps,What's the speed of a T1 circuit? #WAN
"CCENT/CCNA ICND1 100-105 Official Certification Guide, First Edition",Wendell Odom,Chapter 2. Fundamentals of Ethernet LANs,2019-01-22,https://www.safaribooksonline.com/library/view/ccentccna-icnd1-100-105/9780134440903/,https://www.safaribooksonline.com/library/view/ccentccna-icnd1-100-105/9780134440903/ch02.html,https://www.safaribooksonline.com/a/ccentccna-icnd1-100-105/21994496/,Error Detection,What's the purpose of the FCS field in the Ethernet trailer? #Ethernet
"CCENT/CCNA ICND1 100-105 Official Certification Guide, First Edition",Wendell Odom,Chapter 2. Fundamentals of Ethernet LANs,2019-01-22,https://www.safaribooksonline.com/library/view/ccentccna-icnd1-100-105/9780134440903/,https://www.safaribooksonline.com/library/view/ccentccna-icnd1-100-105/9780134440903/ch02.html,https://www.safaribooksonline.com/a/ccentccna-icnd1-100-105/21994481/,Carrier Sense Multiple Access with Collision Detection (CSMA/CD),What algorithm is used on half-duplex Ethernet LANs? #Ethernet
"CCENT/CCNA ICND1 100-105 Official Certification Guide, First Edition",Wendell Odom,Chapter 2. Fundamentals of Ethernet LANs,2019-01-22,https://www.safaribooksonline.com/library/view/ccentccna-icnd1-100-105/9780134440903/,https://www.safaribooksonline.com/library/view/ccentccna-icnd1-100-105/9780134440903/ch02.html,https://www.safaribooksonline.com/a/ccentccna-icnd1-100-105/21994463/,"Half duplex: The device can only send or receive at the same time.
Full duplex: The device can send and receive at the same time.",What's the difference between half-duplex and full-duplex? #Ethernet
"CCENT/CCNA ICND1 100-105 Official Certification Guide, First Edition",Wendell Odom,Chapter 2. Fundamentals of Ethernet LANs,2019-01-22,https://www.safaribooksonline.com/library/view/ccentccna-icnd1-100-105/9780134440903/,https://www.safaribooksonline.com/library/view/ccentccna-icnd1-100-105/9780134440903/ch02.html,https://www.safaribooksonline.com/a/ccentccna-icnd1-100-105/21994431/,0x86DD,What's the EtherType value for IPv6? #Ethernet IPv6 url:https://www.safaribooksonline.com/library/view/cccentccna-icnd1-100-105/9780134440903/graphics/02fig16.jpg
"CCENT/CCNA ICND1 100-105 Official Certification Guide, First Edition",Wendell Odom,Chapter 2. Fundamentals of Ethernet LANs,2019-01-22,https://www.safaribooksonline.com/library/view/ccentccna-icnd1-100-105/9780134440903/,https://www.safaribooksonline.com/library/view/ccentccna-icnd1-100-105/9780134440903/ch02.html,https://www.safaribooksonline.com/a/ccentccna-icnd1-100-105/21994419/,0x0800,What's the EtherType value for IPv4? #Ethernet IPv4 url:https://www.safaribooksonline.com/library/view/cccentccna-icnd1-100-105/9780134440903/graphics/02fig16.jpg
"CCENT/CCNA ICND1 100-105 Official Certification Guide, First Edition",Wendell Odom,Chapter 2. Fundamentals of Ethernet LANs,2019-01-22,https://www.safaribooksonline.com/library/view/ccentccna-icnd1-100-105/9780134440903/,https://www.safaribooksonline.com/library/view/ccentccna-icnd1-100-105/9780134440903/ch02.html,https://www.safaribooksonline.com/a/ccentccna-icnd1-100-105/21994392/,FFFF.FFFF.FFFF,What's the Ethernet broadcast address? #Ethernet
"CCENT/CCNA ICND1 100-105 Official Certification Guide, First Edition",Wendell Odom,Chapter 2. Fundamentals of Ethernet LANs,2019-01-22,https://www.safaribooksonline.com/library/view/ccentccna-icnd1-100-105/9780134440903/,https://www.safaribooksonline.com/library/view/ccentccna-icnd1-100-105/9780134440903/ch02.html,https://www.safaribooksonline.com/a/ccentccna-icnd1-100-105/21994384/,organizationally unique identifier (OUI),What's the first half of the Ethernet MAC address called? #Ethernet url:https://www.safaribooksonline.com/library/view/cccentccna-icnd1-100-105/9780134440903/graphics/02fig15.jpg
"CCENT/CCNA ICND1 100-105 Official Certification Guide, First Edition",Wendell Odom,Chapter 2. Fundamentals of Ethernet LANs,2019-01-22,https://www.safaribooksonline.com/library/view/ccentccna-icnd1-100-105/9780134440903/,https://www.safaribooksonline.com/library/view/ccentccna-icnd1-100-105/9780134440903/ch02.html,https://www.safaribooksonline.com/a/ccentccna-icnd1-100-105/21994364/,6-byte-long (48-bit-long),What's the size of an Ethernet MAC address? #Ethernet
"CCENT/CCNA ICND1 100-105 Official Certification Guide, First Edition",Wendell Odom,Chapter 2. Fundamentals of Ethernet LANs,2019-01-22,https://www.safaribooksonline.com/library/view/ccentccna-icnd1-100-105/9780134440903/,https://www.safaribooksonline.com/library/view/ccentccna-icnd1-100-105/9780134440903/ch02.html,https://www.safaribooksonline.com/a/ccentccna-icnd1-100-105/21994354/,Commonly Used Ethernet Frame Format,What are the fields of the Ethernet Type II header? #Ethernet url:https://www.safaribooksonline.com/library/view/cccentccna-icnd1-100-105/9780134440903/graphics/02fig14.jpg
"CCENT/CCNA ICND1 100-105 Official Certification Guide, First Edition",Wendell Odom,Chapter 2. Fundamentals of Ethernet LANs,2019-01-22,https://www.safaribooksonline.com/library/view/ccentccna-icnd1-100-105/9780134440903/,https://www.safaribooksonline.com/library/view/ccentccna-icnd1-100-105/9780134440903/ch02.html,https://www.safaribooksonline.com/a/ccentccna-icnd1-100-105/21994310/,Cisco switches have a feature called auto-mdix that notices when the wrong cable is used and automatically changes its logic to make the link work.,Cisco switches have a feature called {{c1::auto-mdix}} that notices when the wrong cable is used and automatically changes its logic to make the link work. #Ethernet
"CCENT/CCNA ICND1 100-105 Official Certification Guide, First Edition",Wendell Odom,Chapter 2. Fundamentals of Ethernet LANs,2019-01-22,https://www.safaribooksonline.com/library/view/ccentccna-icnd1-100-105/9780134440903/,https://www.safaribooksonline.com/library/view/ccentccna-icnd1-100-105/9780134440903/ch02.html,https://www.safaribooksonline.com/a/ccentccna-icnd1-100-105/21994296/,If the endpoints transmit on different pin pairs,When should you use a straight-through cable? #Ethernet
"CCENT/CCNA ICND1 100-105 Official Certification Guide, First Edition",Wendell Odom,Chapter 2. Fundamentals of Ethernet LANs,2019-01-22,https://www.safaribooksonline.com/library/view/ccentccna-icnd1-100-105/9780134440903/,https://www.safaribooksonline.com/library/view/ccentccna-icnd1-100-105/9780134440903/ch02.html,https://www.safaribooksonline.com/a/ccentccna-icnd1-100-105/21994292/,If the endpoints transmit on the same pin pair,When should you use a cross-over cable? #Ethernet
"CCENT/CCNA ICND1 100-105 Official Certification Guide, First Edition",Wendell Odom,Chapter 2. Fundamentals of Ethernet LANs,2019-01-22,https://www.safaribooksonline.com/library/view/ccentccna-icnd1-100-105/9780134440903/,https://www.safaribooksonline.com/library/view/ccentccna-icnd1-100-105/9780134440903/ch02.html,https://www.safaribooksonline.com/a/ccentccna-icnd1-100-105/21994251/,Small Form-factor Pluggable (SFP),What are the swappable transceivers commonly used with Cisco switches called? #Ethernet
"CCENT/CCNA ICND1 100-105 Official Certification Guide, First Edition",Wendell Odom,Chapter 2. Fundamentals of Ethernet LANs,2019-01-22,https://www.safaribooksonline.com/library/view/ccentccna-icnd1-100-105/9780134440903/,https://www.safaribooksonline.com/library/view/ccentccna-icnd1-100-105/9780134440903/ch02.html,https://www.safaribooksonline.com/a/ccentccna-icnd1-100-105/21993781/,The RJ-45 connector,What's the most common type of connector used with UTP cables? #Ethernet url:https://www.safaribooksonline.com/library/view/cccentccna-icnd1-100-105/9780134440903/graphics/02fig07.jpg
"CCENT/CCNA ICND1 100-105 Official Certification Guide, First Edition",Wendell Odom,Chapter 2. Fundamentals of Ethernet LANs,2019-01-22,https://www.safaribooksonline.com/library/view/ccentccna-icnd1-100-105/9780134440903/,https://www.safaribooksonline.com/library/view/ccentccna-icnd1-100-105/9780134440903/ch02.html,https://www.safaribooksonline.com/a/ccentccna-icnd1-100-105/21993764/,EMI between wire pairs in the same cable is called crosstalk,EMI between wire pairs in the same cable is called {{c1::crosstalk}} #Ethernet
"CCENT/CCNA ICND1 100-105 Official Certification Guide, First Edition",Wendell Odom,Chapter 2. Fundamentals of Ethernet LANs,2019-01-22,https://www.safaribooksonline.com/library/view/ccentccna-icnd1-100-105/9780134440903/,https://www.safaribooksonline.com/library/view/ccentccna-icnd1-100-105/9780134440903/ch02.html,https://www.safaribooksonline.com/a/ccentccna-icnd1-100-105/21993743/,IEEE 802.3,What's the IEEE standard for Ethernet? #Ethernet
"CCENT/CCNA ICND1 100-105 Official Certification Guide, First Edition",Wendell Odom,Chapter 2. Fundamentals of Ethernet LANs,2019-01-22,https://www.safaribooksonline.com/library/view/ccentccna-icnd1-100-105/9780134440903/,https://www.safaribooksonline.com/library/view/ccentccna-icnd1-100-105/9780134440903/ch02.html,https://www.safaribooksonline.com/a/ccentccna-icnd1-100-105/21993707/,LANs typically connect nearby devices while in contrast WANs connect devices that are typically relatively far apart.,What's the main difference between a LAN and a WAN? #Ethernet
"CCENT/CCNA ICND1 100-105 Official Certification Guide, First Edition",Wendell Odom,Chapter 1. Introduction to TCP/IP Networking,2019-01-22,https://www.safaribooksonline.com/library/view/ccentccna-icnd1-100-105/9780134440903/,https://www.safaribooksonline.com/library/view/ccentccna-icnd1-100-105/9780134440903/ch01.html,https://www.safaribooksonline.com/a/ccentccna-icnd1-100-105/21992909/,"OSI uses a more generic term to refer to messages, rather than frame, packet, and segment. OSI uses the term protocol data unit (PDU)","OSI uses a more generic term to refer to messages, rather than frame, packet, and segment. OSI uses the term {{c1::protocol data unit (PDU)}} #TCP/IP url:https://www.safaribooksonline.com/library/view/cccentccna-icnd1-100-105/9780134440903/graphics/01fig16.jpg"
"CCENT/CCNA ICND1 100-105 Official Certification Guide, First Edition",Wendell Odom,Chapter 1. Introduction to TCP/IP Networking,2019-01-22,https://www.safaribooksonline.com/library/view/ccentccna-icnd1-100-105/9780134440903/,https://www.safaribooksonline.com/library/view/ccentccna-icnd1-100-105/9780134440903/ch01.html,https://www.safaribooksonline.com/a/ccentccna-icnd1-100-105/21992674/,,What are the layers of the OSI model? #TCP/IP url:https://www.safaribooksonline.com/library/view/cccentccna-icnd1-100-105/9780134440903/graphics/01fig15.jpg
"CCENT/CCNA ICND1 100-105 Official Certification Guide, First Edition",Wendell Odom,Chapter 1. Introduction to TCP/IP Networking,2019-01-22,https://www.safaribooksonline.com/library/view/ccentccna-icnd1-100-105/9780134440903/,https://www.safaribooksonline.com/library/view/ccentccna-icnd1-100-105/9780134440903/ch01.html,https://www.safaribooksonline.com/a/ccentccna-icnd1-100-105/21992636/,A frame,What's the unit of data encapsulated by Ethernet called? #TCP/IP Ethernet url:https://www.safaribooksonline.com/library/view/cccentccna-icnd1-100-105/9780134440903/graphics/01fig14.jpg
"CCENT/CCNA ICND1 100-105 Official Certification Guide, First Edition",Wendell Odom,Chapter 1. Introduction to TCP/IP Networking,2019-01-22,https://www.safaribooksonline.com/library/view/ccentccna-icnd1-100-105/9780134440903/,https://www.safaribooksonline.com/library/view/ccentccna-icnd1-100-105/9780134440903/ch01.html,https://www.safaribooksonline.com/a/ccentccna-icnd1-100-105/21992623/,A packet,What's the unit of data encapsulated by IP called? #TCP/IP url:https://www.safaribooksonline.com/library/view/cccentccna-icnd1-100-105/9780134440903/graphics/01fig14.jpg
"CCENT/CCNA ICND1 100-105 Official Certification Guide, First Edition",Wendell Odom,Chapter 1. Introduction to TCP/IP Networking,2019-01-22,https://www.safaribooksonline.com/library/view/ccentccna-icnd1-100-105/9780134440903/,https://www.safaribooksonline.com/library/view/ccentccna-icnd1-100-105/9780134440903/ch01.html,https://www.safaribooksonline.com/a/ccentccna-icnd1-100-105/21992614/,A segment,What's the unit of data encapsulated by TCP called? #TCP/IP url:https://www.safaribooksonline.com/library/view/cccentccna-icnd1-100-105/9780134440903/graphics/01fig14.jpg
"CCENT/CCNA ICND1 100-105 Official Certification Guide, First Edition",Wendell Odom,Chapter 1. Introduction to TCP/IP Networking,2019-01-22,https://www.safaribooksonline.com/library/view/ccentccna-icnd1-100-105/9780134440903/,https://www.safaribooksonline.com/library/view/ccentccna-icnd1-100-105/9780134440903/ch01.html,https://www.safaribooksonline.com/a/ccentccna-icnd1-100-105/21992568/,The term encapsulation refers to the process of putting headers (and sometimes trailers) around some data.,What is encapsulation? #TCP/IP url:https://www.safaribooksonline.com/library/view/cccentccna-icnd1-100-105/9780134440903/graphics/01fig13.jpg
"CCENT/CCNA ICND1 100-105 Official Certification Guide, First Edition",Wendell Odom,Chapter 1. Introduction to TCP/IP Networking,2019-01-22,https://www.safaribooksonline.com/library/view/ccentccna-icnd1-100-105/9780134440903/,https://www.safaribooksonline.com/library/view/ccentccna-icnd1-100-105/9780134440903/ch01.html,https://www.safaribooksonline.com/a/ccentccna-icnd1-100-105/21992539/,IP version 4 (IPv4) and IP version 6 (IPv6),What are the two major versions of IP that are used today? #TCP/IP
"CCENT/CCNA ICND1 100-105 Official Certification Guide, First Edition",Wendell Odom,Chapter 1. Introduction to TCP/IP Networking,2019-01-22,https://www.safaribooksonline.com/library/view/ccentccna-icnd1-100-105/9780134440903/,https://www.safaribooksonline.com/library/view/ccentccna-icnd1-100-105/9780134440903/ch01.html,https://www.safaribooksonline.com/a/ccentccna-icnd1-100-105/21992492/,Adjacent-layer interaction,What's the process called when two adjacent layers in a networking architectural model work together? #TCP/IP
"CCENT/CCNA ICND1 100-105 Official Certification Guide, First Edition",Wendell Odom,Chapter 1. Introduction to TCP/IP Networking,2019-01-22,https://www.safaribooksonline.com/library/view/ccentccna-icnd1-100-105/9780134440903/,https://www.safaribooksonline.com/library/view/ccentccna-icnd1-100-105/9780134440903/ch01.html,https://www.safaribooksonline.com/a/ccentccna-icnd1-100-105/21991814/,Same-layer interaction,What is the communication between two devices at a specific layer of a networking model called? #TCP/IP
"CCENT/CCNA ICND1 100-105 Official Certification Guide, First Edition",Wendell Odom,Chapter 1. Introduction to TCP/IP Networking,2019-01-22,https://www.safaribooksonline.com/library/view/ccentccna-icnd1-100-105/9780134440903/,https://www.safaribooksonline.com/library/view/ccentccna-icnd1-100-105/9780134440903/ch01.html,https://www.safaribooksonline.com/a/ccentccna-icnd1-100-105/21991568/,The Transmission Control Protocol (TCP) and the User Datagram Protocol (UDP),What are the two most common transport layer protocols? #TCP/IP
